Grand Prix,Date,Winner,Car,Laps,Time,Name Code,year,month,hours,minutes,seconds,,
Great Britain,13-05-1950,Nino  Farina ,Alfa Romeo,70,13:23.6,FAR,1950,5,2,13,24,,
Monaco,21-05-1950,Juan Manuel  Fangio ,Alfa Romeo,100,13:18.7,FAN,1950,5,3,13,19,,
Indianapolis 500,30-05-1950,Johnnie Parsons ,Kurtis Kraft Offenhauser,138,46:56.0,PAR,1950,5,2,46,56,,
Switzerland,04-06-1950,Nino  Farina ,Alfa Romeo,42,02:53.7,FAR,1950,6,2,2,54,,
Belgium,18-06-1950,Juan Manuel  Fangio ,Alfa Romeo,35,47:26.0,FAN,1950,6,2,47,26,,
France,02-07-1950,Juan Manuel  Fangio ,Alfa Romeo,64,57:52.8,FAN,1950,7,2,57,53,,
Italy,03-09-1950,Nino  Farina ,Alfa Romeo,80,51:17.4,FAR,1950,9,2,51,17,,
Switzerland,27-05-1951,Juan Manuel  Fangio ,Alfa Romeo,42,07:53.6,FAN,1951,5,2,7,54,,
Indianapolis 500,30-05-1951,Lee  Wallard ,Kurtis Kraft Offenhauser,200,57:38.0,WAL,1951,5,3,57,38,,
Belgium,17-06-1951,Nino  Farina ,Alfa Romeo,36,45:46.2,FAR,1951,6,2,45,46,,
France,01-07-1951,Juan Manuel  Fangio ,Alfa Romeo,77,22:11.0,FAN,1951,7,3,22,11,, 
France,01-07-1951,Luigi  Fagioli ,Alfa Romeo,,,FAG,1951,7,0,0,0,,
Great Britain,14-07-1951,Jose Froilan  Gonzalez ,Ferrari,90,42:18.2,GON,1951,7,2,42,18,,
Germany,29-07-1951,Alberto  Ascari ,Ferrari,20,23:03.3,ASC,1951,7,3,23,3,,
Italy,16-09-1951,Alberto  Ascari ,Ferrari,80,42:39.3,ASC,1951,9,2,42,39,,
Spain,28-10-1951,Juan Manuel  Fangio ,Alfa Romeo,70,46:54.1,FAN,1951,10,2,46,54,,
Switzerland,18-05-1952,Piero Taruffi ,Ferrari,62,01:46.1,TAR,1952,5,3,1,46,,
Indianapolis 500,30-05-1952,Troy  Ruttman ,Kuzma Offenhauser,200,52:41.9,RUT,1952,5,3,52,42,,
Belgium,22-06-1952,Alberto  Ascari ,Ferrari,36,03:46.3,ASC,1952,6,3,3,46,,
France,06-07-1952,Alberto  Ascari ,Ferrari,77,00:00.0,ASC,1952,7,3,0,0,,
Great Britain,19-07-1952,Alberto  Ascari ,Ferrari,85,44:11.0,ASC,1952,7,2,44,11,,
Germany,03-08-1952,Alberto  Ascari ,Ferrari,18,06:13.3,ASC,1952,8,3,6,13,,
Netherlands,17-08-1952,Alberto  Ascari ,Ferrari,90,53:28.5,ASC,1952,8,2,53,28,,
Italy,07-09-1952,Alberto  Ascari ,Ferrari,80,50:45.6,ASC,1952,9,2,50,46,,
Argentina,18-01-1953,Alberto  Ascari ,Ferrari,97,01:04.6,ASC,1953,1,3,1,5,,
Indianapolis 500,30-05-1953,Bill Vukovich,Kurtis Kraft Offenhauser,200,53:01.7,VUK,1953,5,3,53,2,,
Netherlands,07-06-1953,Alberto  Ascari ,Ferrari,90,53:35.8,ASC,1953,6,2,53,36,,
Belgium,21-06-1953,Alberto  Ascari ,Ferrari,36,48:30.3,ASC,1953,6,2,48,30,,
France,05-07-1953,Mike  Hawthorn ,Ferrari,60,44:18.6,HAW,1953,7,2,44,19,,
Great Britain,18-07-1953,Alberto  Ascari ,Ferrari,90,50:00.0,ASC,1953,7,2,50,0,,
Germany,02-08-1953,Nino  Farina ,Ferrari,18,02:25.0,FAR,1953,8,3,2,25,,
Switzerland,23-08-1953,Alberto  Ascari ,Ferrari,65,01:34.4,ASC,1953,8,3,1,34,,
Italy,13-09-1953,Juan Manuel  Fangio ,Maserati,80,49:45.9,FAN,1953,9,2,49,46,,
Argentina,17-01-1954,Juan Manuel  Fangio ,Maserati,87,00:55.8,FAN,1954,1,3,0,56,,
Indianapolis 500,31-05-1954,Bill Vukovich,Kurtis Kraft Offenhauser,200,49:17.3,VUK,1954,5,3,49,17,,
Belgium,20-06-1954,Juan Manuel  Fangio ,Maserati,36,44:42.4,FAN,1954,6,2,44,42,,
France,04-07-1954,Juan Manuel  Fangio ,Mercedes-Benz,61,42:47.9,FAN,1954,7,2,42,48,,
Great Britain,17-07-1954,Jose Froilan  Gonzalez ,Ferrari,90,56:14.0,GON,1954,7,2,56,14,,
Germany,01-08-1954,Juan Manuel  Fangio ,Mercedes-Benz,22,45:45.8,FAN,1954,8,3,45,46,,
Switzerland,22-08-1954,Juan Manuel  Fangio ,Mercedes-Benz,66,00:34.5,FAN,1954,8,3,0,35,,
Italy,05-09-1954,Juan Manuel  Fangio ,Mercedes-Benz,80,47:47.9,FAN,1954,9,2,47,48,,
Spain,24-10-1954,Mike  Hawthorn ,Ferrari,80,13:52.1,HAW,1954,10,3,13,52,,
Argentina,16-01-1955,Juan Manuel  Fangio ,Mercedes-Benz,96,00:38.6,FAN,1955,1,3,0,39,,
Monaco,22-05-1955,Maurice Trintignant ,Ferrari,100,58:09.7,TRI,1955,5,2,58,10,,
Indianapolis 500,30-05-1955,Bob  Sweikert ,Kurtis Kraft Offenhauser,200,53:59.5,SWE,1955,5,3,54,0,,
Belgium,05-06-1955,Juan Manuel  Fangio ,Mercedes-Benz,36,39:29.0,FAN,1955,6,2,39,29,,
Netherlands,19-06-1955,Juan Manuel  Fangio ,Mercedes-Benz,100,54:23.8,FAN,1955,6,2,54,24,,
Great Britain,16-07-1955,Stirling  Moss ,Mercedes-Benz,90,07:21.2,MOS,1955,7,3,7,21,,
Italy,11-09-1955,Juan Manuel  Fangio ,Mercedes-Benz,50,25:04.4,FAN,1955,9,2,25,4,,
Argentina,22-01-1956,Luigi  Musso ,Ferrari,,,MUS,1956,1,0,0,0,,
Argentina,22-01-1956,Juan Manuel  Fangio ,Ferrari,98,00:03.7,FAN,1956,1,3,0,4,,
Monaco,13-05-1956,Stirling  Moss ,Maserati,100,00:32.9,MOS,1956,5,3,0,33,,
Indianapolis 500,30-05-1956,Pat  Flaherty ,Watson Offenhauser,200,53:28.8,FLA,1956,5,3,53,29,,
Belgium,03-06-1956,Peter  Collins ,Ferrari,36,40:00.3,COL,1956,6,2,40,0,,
France,01-07-1956,Peter  Collins ,Ferrari,61,34:23.4,COL,1956,7,2,34,23,,
Great Britain,14-07-1956,Juan Manuel  Fangio ,Ferrari,101,59:47.0,FAN,1956,7,2,59,47,,
Germany,05-08-1956,Juan Manuel  Fangio ,Ferrari,22,38:43.7,FAN,1956,8,3,38,44,,
Italy,02-09-1956,Stirling  Moss ,Maserati,50,23:41.3,MOS,1956,9,2,23,41,,
Argentina,13-01-1957,Juan Manuel  Fangio ,Maserati,100,00:55.9,FAN,1957,1,3,0,56,,
Monaco,19-05-1957,Juan Manuel  Fangio ,Maserati,105,10:12.8,FAN,1957,5,3,10,13,,
Indianapolis 500,30-05-1957,Sam  Hanks ,Epperly Offenhauser,200,41:14.3,HAN,1957,5,3,41,14,,
France,07-07-1957,Juan Manuel  Fangio ,Maserati,77,07:46.4,FAN,1957,7,3,7,46,,
Great Britain,20-07-1957,Stirling  Moss ,Vanwall,90,06:37.8,MOS,1957,7,3,6,38,,
Great Britain,20-07-1957,Tony  Brooks ,Vanwall,,,BRO,1957,7,0,0,0,,
Germany,04-08-1957,Juan Manuel  Fangio ,Maserati,22,30:38.3,FAN,1957,8,3,30,38,,
Pescara,18-08-1957,Stirling  Moss ,Vanwall,18,59:22.7,MOS,1957,8,2,59,23,,
Italy,08-09-1957,Stirling  Moss ,Vanwall,87,35:03.9,MOS,1957,9,2,35,4,,
Argentina,19-01-1958,Stirling  Moss ,Cooper Climax,80,19:33.7,MOS,1958,1,2,19,34,,
Monaco,18-05-1958,Maurice Trintignant ,Cooper Climax,100,52:27.9,TRI,1958,5,2,52,28,,
Netherlands,26-05-1958,Stirling  Moss ,Vanwall,75,04:49.2,MOS,1958,5,2,4,49,,
Indianapolis 500,30-05-1958,Jimmy  Bryan ,Epperly Offenhauser,200,44:13.8,BRY,1958,5,3,44,14,,
Belgium,15-06-1958,Tony  Brooks ,Vanwall,24,37:06.3,BRO,1958,6,1,37,6,,
France,06-07-1958,Mike  Hawthorn ,Ferrari,50,03:21.3,HAW,1958,7,2,3,21,,
Great Britain,19-07-1958,Peter  Collins ,Ferrari,75,09:04.2,COL,1958,7,2,9,4,,
Germany,03-08-1958,Tony  Brooks ,Vanwall,15,21:15.0,BRO,1958,8,2,21,15,,
Portugal,24-08-1958,Stirling  Moss ,Vanwall,50,11:27.8,MOS,1958,8,2,11,28,,
Italy,07-09-1958,Tony  Brooks ,Vanwall,70,03:47.8,BRO,1958,9,2,3,48,,
Morocco,19-10-1958,Stirling  Moss ,Vanwall,53,09:15.1,MOS,1958,10,2,9,15,,
Monaco,10-05-1959,Jack  Brabham ,Cooper Climax,100,55:51.3,BRA,1959,5,2,55,51,,
Indianapolis 500,30-05-1959,Rodger  Ward ,Watson Offenhauser,200,40:49.2,WAR,1959,5,3,40,49,,
Netherlands,31-05-1959,Jo  Bonnier ,BRM,75,05:26.8,BON,1959,5,2,5,27,,
France,05-07-1959,Tony  Brooks ,Ferrari,50,01:26.5,BRO,1959,7,2,1,27,,
Great Britain,18-07-1959,Jack  Brabham ,Cooper Climax,75,30:11.6,BRA,1959,7,2,30,12,,
Germany,02-08-1959,Tony  Brooks ,Ferrari,60,09:31.6,BRO,1959,8,2,9,32,,
Portugal,23-08-1959,Stirling  Moss ,Cooper Climax,62,11:55.4,MOS,1959,8,2,11,55,,
Italy,13-09-1959,Stirling  Moss ,Cooper Climax,72,04:05.4,MOS,1959,9,2,4,5,,
United States,12-12-1959,Bruce  McLaren ,Cooper Climax,42,12:35.7,MCL,1959,12,2,12,36,,
Argentina,07-02-1960,Bruce  McLaren ,Cooper Climax,80,17:49.5,MCL,1960,2,2,17,49,,
Monaco,29-05-1960,Stirling  Moss ,Lotus Climax,100,53:45.5,MOS,1960,5,2,53,45,,
Indianapolis 500,30-05-1960,Jim  Rathmann ,Watson Offenhauser,200,36:11.4,RAT,1960,5,3,36,11,,
Netherlands,06-06-1960,Jack  Brabham ,Cooper Climax,75,01:47.2,BRA,1960,6,2,1,47,,
Belgium,19-06-1960,Jack  Brabham ,Cooper Climax,36,21:37.3,BRA,1960,6,2,21,37,,
France,03-07-1960,Jack  Brabham ,Cooper Climax,50,57:24.9,BRA,1960,7,1,57,25,,
Great Britain,16-07-1960,Jack  Brabham ,Cooper Climax,77,04:24.6,BRA,1960,7,2,4,25,,
Portugal,14-08-1960,Jack  Brabham ,Cooper Climax,55,19:00.0,BRA,1960,8,2,19,0,,
Italy,04-09-1960,Phil  Hill ,Ferrari,50,21:09.2,HIL,1960,9,2,21,9,,
United States,20-11-1960,Stirling  Moss ,Lotus Climax,75,28:52.2,MOS,1960,11,2,28,52,,
Monaco,14-05-1961,Stirling  Moss ,Lotus Climax,100,45:50.1,MOS,1961,5,2,45,50,,
Netherlands,22-05-1961,Wolfgang  von Trips ,Ferrari,75,01:52.1,VON,1961,5,2,1,52,,
Belgium,18-06-1961,Phil  Hill ,Ferrari,30,03:03.8,HIL,1961,6,2,3,4,,
France,02-07-1961,Giancarlo  Baghetti ,Ferrari,52,14:17.5,BAG,1961,7,2,14,17,,
Great Britain,15-07-1961,Wolfgang  von Trips ,Ferrari,75,40:53.6,VON,1961,7,2,40,54,,
Germany,06-08-1961,Stirling  Moss ,Lotus Climax,15,18:12.4,MOS,1961,8,2,18,12,,
Italy,10-09-1961,Phil  Hill ,Ferrari,43,03:13.0,HIL,1961,9,2,3,13,,
United States,08-10-1961,Innes  Ireland ,Lotus Climax,100,13:45.8,IRE,1961,10,2,13,46,,
Netherlands,20-05-1962,Graham  Hill ,BRM,80,11:02.1,HIL,1962,5,2,11,2,,
Monaco,03-06-1962,Bruce  McLaren ,Cooper Climax,100,46:29.7,MCL,1962,6,2,46,30,,
Belgium,17-06-1962,Jim  Clark ,Lotus Climax,32,07:32.3,CLA,1962,6,2,7,32,,
France,08-07-1962,Dan  Gurney ,Porsche,54,07:35.5,GUR,1962,7,2,7,36,,
Great Britain,21-07-1962,Jim  Clark ,Lotus Climax,75,26:20.8,CLA,1962,7,2,26,21,,
Germany,05-08-1962,Graham  Hill ,BRM,15,38:45.3,HIL,1962,8,2,38,45,,
Italy,16-09-1962,Graham  Hill ,BRM,86,29:08.4,HIL,1962,9,2,29,8,,
United States,07-10-1962,Jim  Clark ,Lotus Climax,100,07:13.0,CLA,1962,10,2,7,13,,
South Africa,29-12-1962,Graham  Hill ,BRM,82,08:03.3,HIL,1962,12,2,8,3,,
Monaco,26-05-1963,Graham  Hill ,BRM,100,41:49.7,HIL,1963,5,2,41,50,,
Belgium,09-06-1963,Jim  Clark ,Lotus Climax,32,27:47.6,CLA,1963,6,2,27,48,,
Netherlands,23-06-1963,Jim  Clark ,Lotus Climax,80,08:13.7,CLA,1963,6,2,8,14,,
France,30-06-1963,Jim  Clark ,Lotus Climax,53,10:54.3,CLA,1963,6,2,10,54,,
Great Britain,20-07-1963,Jim  Clark ,Lotus Climax,82,14:09.6,CLA,1963,7,2,14,10,,
Germany,04-08-1963,John  Surtees ,Ferrari,15,13:06.8,SUR,1963,8,2,13,7,,
Italy,08-09-1963,Jim  Clark ,Lotus Climax,86,24:19.6,CLA,1963,9,2,24,20,,
United States,06-10-1963,Graham  Hill ,BRM,110,19:22.1,HIL,1963,10,2,19,22,,
Mexico,27-10-1963,Jim  Clark ,Lotus Climax,65,09:52.1,CLA,1963,10,2,9,52,,
South Africa,28-12-1963,Jim  Clark ,Lotus Climax,85,10:36.9,CLA,1963,12,2,10,37,,
Monaco,10-05-1964,Graham  Hill ,BRM,100,41:19.5,HIL,1964,5,2,41,19,,
Netherlands,24-05-1964,Jim  Clark ,Lotus Climax,80,07:35.4,CLA,1964,5,2,7,35,,
Belgium,14-06-1964,Jim  Clark ,Lotus Climax,32,06:40.5,CLA,1964,6,2,6,40,,
France,28-06-1964,Dan  Gurney ,Brabham Climax,57,07:49.1,GUR,1964,6,2,7,49,,
Great Britain,11-07-1964,Jim  Clark ,Lotus Climax,80,15:07.0,CLA,1964,7,2,15,7,,
Germany,02-08-1964,John  Surtees ,Ferrari,15,12:04.8,SUR,1964,8,2,12,5,,
Austria,23-08-1964,Lorenzo  Bandini ,Ferrari,105,06:18.2,BAN,1964,8,2,6,18,,
Italy,06-09-1964,John  Surtees ,Ferrari,78,10:51.8,SUR,1964,9,2,10,52,,
United States,04-10-1964,Graham  Hill ,BRM,110,16:38.0,HIL,1964,10,2,16,38,,
Mexico,25-10-1964,Dan  Gurney ,Brabham Climax,65,09:50.3,GUR,1964,10,2,9,50,,
South Africa,01-01-1965,Jim  Clark ,Lotus Climax,85,06:46.0,CLA,1965,1,2,6,46,,
Monaco,30-05-1965,Graham  Hill ,BRM,100,37:39.6,HIL,1965,5,2,37,40,,
Belgium,13-06-1965,Jim  Clark ,Lotus Climax,32,23:34.8,CLA,1965,6,2,23,35,,
France,27-06-1965,Jim  Clark ,Lotus Climax,40,14:38.4,CLA,1965,6,2,14,38,,
Great Britain,10-07-1965,Jim  Clark ,Lotus Climax,80,05:25.4,CLA,1965,7,2,5,25,,
Netherlands,18-07-1965,Jim  Clark ,Lotus Climax,80,03:59.1,CLA,1965,7,2,3,59,,
Germany,01-08-1965,Jim  Clark ,Lotus Climax,15,07:52.4,CLA,1965,8,2,7,52,,
Italy,12-09-1965,Jackie  Stewart ,BRM,76,04:52.8,STE,1965,9,2,4,53,,
United States,03-10-1965,Graham  Hill ,BRM,110,20:36.1,HIL,1965,10,2,20,36,,
Mexico,24-10-1965,Richie  Ginther ,Honda,65,08:32.1,GIN,1965,10,2,8,32,,
Monaco,22-05-1966,Jackie  Stewart ,BRM,100,33:10.5,STE,1966,5,2,33,10,,
Belgium,12-06-1966,John  Surtees ,Ferrari,28,09:11.3,SUR,1966,6,2,9,11,,
France,03-07-1966,Jack  Brabham ,Brabham Repco,48,48:31.3,BRA,1966,7,1,48,31,,
Great Britain,16-07-1966,Jack  Brabham ,Brabham Repco,80,13:13.4,BRA,1966,7,2,13,13,,
Netherlands,24-07-1966,Jack  Brabham ,Brabham Repco,90,20:32.5,BRA,1966,7,2,20,32,,
Germany,07-08-1966,Jack  Brabham ,Brabham Repco,15,27:03.0,BRA,1966,8,2,27,3,,
Italy,04-09-1966,Ludovico  Scarfiotti ,Ferrari,68,47:14.8,SCA,1966,9,1,47,15,,
United States,02-10-1966,Jim  Clark ,Lotus BRM,108,09:40.1,CLA,1966,10,2,9,40,,
Mexico,23-10-1966,John  Surtees ,Cooper Maserati,65,06:35.3,SUR,1966,10,2,6,35,,
South Africa,02-01-1967,Pedro  Rodriguez ,Cooper Maserati,80,05:45.9,ROD,1967,1,2,5,46,,
Monaco,07-05-1967,Denny  Hulme ,Brabham Repco,100,34:34.3,HUL,1967,5,2,34,34,,
Netherlands,04-06-1967,Jim  Clark ,Lotus Ford,90,14:45.1,CLA,1967,6,2,14,45,,
Belgium,18-06-1967,Dan  Gurney ,Eagle Weslake,28,40:49.4,GUR,1967,6,1,40,49,,
France,02-07-1967,Jack  Brabham ,Brabham Repco,80,13:21.3,BRA,1967,7,2,13,21,,
Great Britain,15-07-1967,Jim  Clark ,Lotus Ford,80,59:25.6,CLA,1967,7,1,59,26,,
Germany,06-08-1967,Denny  Hulme ,Brabham Repco,15,05:55.7,HUL,1967,8,2,5,56,,
Canada,27-08-1967,Jack  Brabham ,Brabham Repco,90,40:40.0,BRA,1967,8,2,40,40,,
Italy,10-09-1967,John  Surtees ,Honda,68,43:45.0,SUR,1967,9,1,43,45,,
United States,01-10-1967,Jim  Clark ,Lotus Ford,108,03:13.2,CLA,1967,10,2,3,13,,
Mexico,22-10-1967,Jim  Clark ,Lotus Ford,65,59:28.7,CLA,1967,10,1,59,29,,
South Africa,01-01-1968,Jim  Clark ,Lotus Ford,80,53:56.6,CLA,1968,1,1,53,57,,
Spain,12-05-1968,Graham  Hill ,Lotus Ford,90,15:20.1,HIL,1968,5,2,15,20,,
Monaco,26-05-1968,Graham  Hill ,Lotus Ford,80,00:32.3,HIL,1968,5,2,0,32,,
Belgium,09-06-1968,Bruce  McLaren ,McLaren Ford,28,40:02.1,MCL,1968,6,1,40,2,,
Netherlands,23-06-1968,Jackie  Stewart ,Matra Ford,90,46:11.3,STE,1968,6,2,46,11,,
France,07-07-1968,Jacky  Ickx ,Ferrari,60,25:40.9,ICK,1968,7,2,25,41,,
Great Britain,20-07-1968,Jo  Siffert ,Lotus Ford,80,01:20.3,SIF,1968,7,2,1,20,,
Germany,04-08-1968,Jackie  Stewart ,Matra Ford,14,19:03.2,STE,1968,8,2,19,3,,
Italy,08-09-1968,Denny  Hulme ,McLaren Ford,68,40:14.8,HUL,1968,9,1,40,15,,
Canada,22-09-1968,Denny  Hulme ,McLaren Ford,90,27:11.2,HUL,1968,9,2,27,11,,
United States,06-10-1968,Jackie  Stewart ,Matra Ford,108,59:20.3,STE,1968,10,1,59,20,,
Mexico,03-11-1968,Graham  Hill ,Lotus Ford,65,56:43.9,HIL,1968,11,1,56,44,,
South Africa,01-03-1969,Jackie  Stewart ,Matra Ford,80,50:39.1,STE,1969,3,1,50,39,,
Spain,04-05-1969,Jackie  Stewart ,Matra Ford,90,16:54.0,STE,1969,5,2,16,54,,
Monaco,18-05-1969,Graham  Hill ,Lotus Ford,80,56:59.4,HIL,1969,5,1,56,59,,
Netherlands,21-06-1969,Jackie  Stewart ,Matra Ford,90,06:42.1,STE,1969,6,2,6,42,,
France,06-07-1969,Jackie  Stewart ,Matra Ford,38,56:47.4,STE,1969,7,1,56,47,,
Great Britain,19-07-1969,Jackie  Stewart ,Matra Ford,84,55:55.6,STE,1969,7,1,55,56,,
Germany,03-08-1969,Jacky  Ickx ,Brabham Ford,14,49:55.4,ICK,1969,8,1,49,55,,
Italy,07-09-1969,Jackie  Stewart ,Matra Ford,68,39:11.3,STE,1969,9,1,39,11,,
Canada,20-09-1969,Jacky  Ickx ,Brabham Ford,90,59:25.7,ICK,1969,9,1,59,26,,
United States,05-10-1969,Jochen  Rindt ,Lotus Ford,108,57:56.8,RIN,1969,10,1,57,57,,
Mexico,19-10-1969,Denny  Hulme ,McLaren Ford,65,54:08.8,HUL,1969,10,1,54,9,,
South Africa,07-03-1970,Jack  Brabham ,Brabham Ford,80,49:34.6,BRA,1970,3,1,49,35,,
Spain,19-04-1970,Jackie  Stewart ,March Ford,90,10:58.2,STE,1970,4,2,10,58,,
Monaco,10-05-1970,Jochen  Rindt ,Lotus Ford,80,54:36.6,RIN,1970,5,1,54,37,,
Belgium,07-06-1970,Pedro  Rodriguez ,BRM,28,38:09.9,ROD,1970,6,1,38,10,,
Netherlands,21-06-1970,Jochen  Rindt ,Lotus Ford,80,50:43.4,RIN,1970,6,1,50,43,,
France,05-07-1970,Jochen  Rindt ,Lotus Ford,38,55:57.0,RIN,1970,7,1,55,57,,
Great Britain,18-07-1970,Jochen  Rindt ,Lotus Ford,80,57:02.0,RIN,1970,7,1,57,2,,
Germany,02-08-1970,Jochen  Rindt ,Lotus Ford,50,42:00.3,RIN,1970,8,1,42,0,,
Austria,16-08-1970,Jacky  Ickx ,Ferrari,60,42:17.3,ICK,1970,8,1,42,17,,
Italy,06-09-1970,Clay  Regazzoni ,Ferrari,68,39:06.9,REG,1970,9,1,39,7,,
Canada,20-09-1970,Jacky  Ickx ,Ferrari,90,21:18.4,ICK,1970,9,2,21,18,,
United States,04-10-1970,Emerson  Fittipaldi ,Lotus Ford,108,57:32.8,FIT,1970,10,1,57,33,,
Mexico,25-10-1970,Jacky  Ickx ,Ferrari,65,53:28.4,ICK,1970,10,1,53,28,,
South Africa,06-03-1971,Mario  Andretti ,Ferrari,79,47:35.5,AND,1971,3,1,47,35,,
Spain,18-04-1971,Jackie  Stewart ,Tyrrell Ford,75,49:03.4,STE,1971,4,1,49,3,,
Monaco,23-05-1971,Jackie  Stewart ,Tyrrell Ford,80,52:21.3,STE,1971,5,1,52,21,,
Netherlands,20-06-1971,Jacky  Ickx ,Ferrari,70,56:20.1,ICK,1971,6,1,56,20,,
France,04-07-1971,Jackie  Stewart ,Tyrrell Ford,55,46:41.7,STE,1971,7,1,46,42,,
Great Britain,17-07-1971,Jackie  Stewart ,Tyrrell Ford,68,31:31.5,STE,1971,7,1,31,31,,
Germany,01-08-1971,Jackie  Stewart ,Tyrrell Ford,12,29:15.7,STE,1971,8,1,29,16,,
Austria,15-08-1971,Jo  Siffert ,BRM,54,30:23.9,SIF,1971,8,1,30,24,,
Italy,05-09-1971,Peter Gethin,BRM,55,18:12.6,GET,1971,9,1,18,13,,
Canada,19-09-1971,Jackie  Stewart ,Tyrrell Ford,64,55:12.9,STE,1971,9,1,55,13,,
United States,03-10-1971,Francois Cevert,Tyrrell Ford,59,43:52.0,CEV,1971,10,1,43,52,,
Argentina,23-01-1972,Jackie  Stewart ,Tyrrell Ford,95,57:58.8,STE,1972,1,1,57,59,,
South Africa,04-03-1972,Denny  Hulme ,McLaren Ford,79,45:49.1,HUL,1972,3,1,45,49,,
Spain,01-05-1972,Emerson  Fittipaldi ,Lotus Ford,90,03:41.2,FIT,1972,5,2,3,41,,
Monaco,14-05-1972,Jean-Pierre  Beltoise ,BRM,80,26:54.7,BEL,1972,5,2,26,55,,
Belgium,04-06-1972,Emerson  Fittipaldi ,Lotus Ford,85,44:06.7,FIT,1972,6,1,44,7,,
France,02-07-1972,Jackie  Stewart ,Tyrrell Ford,38,52:21.5,STE,1972,7,1,52,21,,
Great Britain,15-07-1972,Emerson  Fittipaldi ,Lotus Ford,76,47:50.2,FIT,1972,7,1,47,50,,
Germany,30-07-1972,Jacky  Ickx ,Ferrari,14,42:12.3,ICK,1972,7,1,42,12,,
Austria,13-08-1972,Emerson  Fittipaldi ,Lotus Ford,54,29:16.7,FIT,1972,8,1,29,17,,
Italy,10-09-1972,Emerson  Fittipaldi ,Lotus Ford,55,29:58.4,FIT,1972,9,1,29,58,,
Canada,24-09-1972,Jackie  Stewart ,Tyrrell Ford,80,43:16.9,STE,1972,9,1,43,17,,
United States,08-10-1972,Jackie  Stewart ,Tyrrell Ford,59,41:45.4,STE,1972,10,1,41,45,,
Argentina,28-01-1973,Emerson  Fittipaldi ,Lotus Ford,96,56:18.2,FIT,1973,1,1,56,18,,
Brazil,11-02-1973,Emerson  Fittipaldi ,Lotus Ford,40,43:55.6,FIT,1973,2,1,43,56,,
South Africa,03-03-1973,Jackie  Stewart ,Tyrrell Ford,79,43:11.1,STE,1973,3,1,43,11,,
Spain,29-04-1973,Emerson  Fittipaldi ,Lotus Ford,75,48:18.7,FIT,1973,4,1,48,19,,
Belgium,20-05-1973,Jackie  Stewart ,Tyrrell Ford,70,42:13.4,STE,1973,5,1,42,13,,
Monaco,03-06-1973,Jackie  Stewart ,Tyrrell Ford,78,57:44.3,STE,1973,6,1,57,44,,
Sweden,17-06-1973,Denny  Hulme ,McLaren Ford,80,56:46.0,HUL,1973,6,1,56,46,,
France,01-07-1973,Ronnie  Peterson ,Lotus Ford,54,41:36.5,PET,1973,7,1,41,37,,
Great Britain,14-07-1973,Peter Revson ,McLaren Ford,67,29:18.5,REV,1973,7,1,29,18,,
Netherlands,29-07-1973,Jackie  Stewart ,Tyrrell Ford,72,39:12.5,STE,1973,7,1,39,12,,
Germany,05-08-1973,Jackie  Stewart ,Tyrrell Ford,14,42:03.0,STE,1973,8,1,42,3,,
Austria,19-08-1973,Ronnie  Peterson ,Lotus Ford,54,28:48.8,PET,1973,8,1,28,49,,
Italy,09-09-1973,Ronnie  Peterson ,Lotus Ford,55,29:17.0,PET,1973,9,1,29,17,,
Canada,23-09-1973,Peter Revson ,McLaren Ford,80,59:04.1,REV,1973,9,1,59,4,,
United States,07-10-1973,Ronnie  Peterson ,Lotus Ford,59,41:15.8,PET,1973,10,1,41,16,,
Argentina,13-01-1974,Denny  Hulme ,McLaren Ford,53,41:02.0,HUL,1974,1,1,41,2,,
Brazil,27-01-1974,Emerson  Fittipaldi ,McLaren Ford,32,24:37.1,FIT,1974,1,1,24,37,,
South Africa,30-03-1974,Carlos  Reutemann ,Brabham Ford,78,42:41.0,REU,1974,3,1,42,41,,
Spain,28-04-1974,Niki  Lauda ,Ferrari,84,00:29.6,LAU,1974,4,2,0,30,,
Belgium,12-05-1974,Emerson  Fittipaldi ,McLaren Ford,85,44:20.6,FIT,1974,5,1,44,21,,
Monaco,26-05-1974,Ronnie  Peterson ,Lotus Ford,78,58:03.7,PET,1974,5,1,58,4,,
Sweden,09-06-1974,Jody  Scheckter ,Tyrrell Ford,80,58:31.4,SCH,1974,6,1,58,31,,
Netherlands,23-06-1974,Niki  Lauda ,Ferrari,75,43:00.4,LAU,1974,6,1,43,0,,
France,07-07-1974,Ronnie  Peterson ,Lotus Ford,80,21:55.0,PET,1974,7,1,21,55,,
Great Britain,20-07-1974,Jody  Scheckter ,Tyrrell Ford,75,43:02.2,SCH,1974,7,1,43,2,,
Germany,04-08-1974,Clay  Regazzoni ,Ferrari,14,41:35.0,REG,1974,8,1,41,35,,
Austria,18-08-1974,Carlos  Reutemann ,Brabham Ford,54,28:44.7,REU,1974,8,1,28,45,,
Italy,08-09-1974,Ronnie  Peterson ,Lotus Ford,52,22:56.6,PET,1974,9,1,22,57,,
Canada,22-09-1974,Emerson  Fittipaldi ,McLaren Ford,80,40:26.1,FIT,1974,9,1,40,26,,
United States,06-10-1974,Carlos  Reutemann ,Brabham Ford,59,40:21.4,REU,1974,10,1,40,21,,
Argentina,12-01-1975,Emerson  Fittipaldi ,McLaren Ford,53,39:26.3,FIT,1975,1,1,39,26,,
Brazil,26-01-1975,Carlos  Pace ,Brabham Ford,40,44:41.2,PAC,1975,1,1,44,41,,
South Africa,01-03-1975,Jody  Scheckter ,Tyrrell Ford,78,43:16.9,SCH,1975,3,1,43,17,,
Spain,27-04-1975,Jochen  Mass ,McLaren Ford,29,42:53.7,MAS,1975,4,0,42,54,,
Monaco,11-05-1975,Niki  Lauda ,Ferrari,75,01:21.3,LAU,1975,5,2,1,21,,
Belgium,25-05-1975,Niki  Lauda ,Ferrari,70,43:54.0,LAU,1975,5,1,43,54,,
Sweden,08-06-1975,Niki  Lauda ,Ferrari,80,59:18.3,LAU,1975,6,1,59,18,,
Netherlands,22-06-1975,James  Hunt ,Hesketh Ford,75,46:57.4,HUN,1975,6,1,46,57,,
France,06-07-1975,Niki  Lauda ,Ferrari,54,40:18.8,LAU,1975,7,1,40,19,,
Great Britain,19-07-1975,Emerson  Fittipaldi ,McLaren Ford,56,22:05.0,FIT,1975,7,1,22,5,,
Germany,03-08-1975,Carlos  Reutemann ,Brabham Ford,14,41:14.1,REU,1975,8,1,41,14,,
Austria,17-08-1975,Vittorio  Brambilla ,March Ford,29,57:56.7,BRA,1975,8,0,57,57,,
Italy,07-09-1975,Clay  Regazzoni ,Ferrari,52,22:42.6,REG,1975,9,1,22,43,,
United States,05-10-1975,Niki  Lauda ,Ferrari,59,42:58.2,LAU,1975,10,1,42,58,,
Brazil,25-01-1976,Niki  Lauda ,Ferrari,40,45:16.8,LAU,1976,1,1,45,17,,
South Africa,06-03-1976,Niki  Lauda ,Ferrari,78,42:18.4,LAU,1976,3,1,42,18,,
USA West,28-03-1976,Clay  Regazzoni ,Ferrari,80,53:18.5,REG,1976,3,1,53,18,,
Spain,02-05-1976,James  Hunt ,McLaren Ford,75,42:20.4,HUN,1976,5,1,42,20,,
Belgium,16-05-1976,Niki  Lauda ,Ferrari,70,42:53.2,LAU,1976,5,1,42,53,,
Monaco,30-05-1976,Niki  Lauda ,Ferrari,78,59:51.5,LAU,1976,5,1,59,51,,
Sweden,13-06-1976,Jody  Scheckter ,Tyrrell Ford,72,46:53.7,SCH,1976,6,1,46,54,,
France,04-07-1976,James  Hunt ,McLaren Ford,54,40:58.6,HUN,1976,7,1,40,59,,
Great Britain,18-07-1976,Niki  Lauda ,Ferrari,76,44:19.7,LAU,1976,7,1,44,20,,
Germany,01-08-1976,James  Hunt ,McLaren Ford,14,41:42.7,HUN,1976,8,1,41,43,,
Austria,15-08-1976,John  Watson ,Penske Ford,54,30:07.9,WAT,1976,8,1,30,8,,
Netherlands,29-08-1976,James  Hunt ,McLaren Ford,75,44:52.1,HUN,1976,8,1,44,52,,
Italy,12-09-1976,Ronnie  Peterson ,March Ford,52,30:35.6,PET,1976,9,1,30,36,,
Canada,03-10-1976,James  Hunt ,McLaren Ford,80,40:09.6,HUN,1976,10,1,40,10,,
USA East,10-10-1976,James  Hunt ,McLaren Ford,59,42:40.7,HUN,1976,10,1,42,41,,
Japan,24-10-1976,Mario  Andretti ,Lotus Ford,73,43:58.9,AND,1976,10,1,43,59,,
Argentina,09-01-1977,Jody  Scheckter ,Wolf Ford,53,40:11.2,SCH,1977,1,1,40,11,,
Brazil,23-01-1977,Carlos  Reutemann ,Ferrari,40,45:07.7,REU,1977,1,1,45,8,,
South Africa,05-03-1977,Niki  Lauda ,Ferrari,78,42:21.6,LAU,1977,3,1,42,22,,
USA West,03-04-1977,Mario  Andretti ,Lotus Ford,80,51:35.5,AND,1977,4,1,51,35,,
Spain,08-05-1977,Mario  Andretti ,Lotus Ford,75,42:52.2,AND,1977,5,1,42,52,,
Monaco,22-05-1977,Jody  Scheckter ,Wolf Ford,76,57:52.8,SCH,1977,5,1,57,53,,
Belgium,05-06-1977,Gunnar  Nilsson ,Lotus Ford,70,55:05.7,NIL,1977,6,1,55,6,,
Sweden,19-06-1977,Jacques  Laffite ,Ligier Matra,72,46:55.5,LAF,1977,6,1,46,56,,
France,03-07-1977,Mario  Andretti ,Lotus Ford,80,39:40.1,AND,1977,7,1,39,40,,
Great Britain,16-07-1977,James  Hunt ,McLaren Ford,68,31:46.1,HUN,1977,7,1,31,46,,
Germany,31-07-1977,Niki  Lauda ,Ferrari,47,31:48.6,LAU,1977,7,1,31,49,,
Austria,14-08-1977,Alan Jones ,Shadow Ford,54,37:16.5,JON,1977,8,1,37,16,,
Netherlands,28-08-1977,Niki  Lauda ,Ferrari,75,41:45.9,LAU,1977,8,1,41,46,,
Italy,11-09-1977,Mario  Andretti ,Lotus Ford,52,27:50.3,AND,1977,9,1,27,50,,
USA East,02-10-1977,James  Hunt ,McLaren Ford,59,58:23.3,HUN,1977,10,1,58,23,,
Canada,09-10-1977,Jody  Scheckter ,Wolf Ford,80,40:00.0,SCH,1977,10,1,40,0,,
Japan,23-10-1977,James  Hunt ,McLaren Ford,73,31:51.7,HUN,1977,10,1,31,52,,
Argentina,15-01-1978,Mario  Andretti ,Lotus Ford,52,37:04.5,AND,1978,1,1,37,4,,
Brazil,29-01-1978,Carlos  Reutemann ,Ferrari,63,49:59.9,REU,1978,1,1,50,0,,
South Africa,04-03-1978,Ronnie  Peterson ,Lotus Ford,78,42:15.8,PET,1978,3,1,42,16,,
USA West,02-04-1978,Carlos  Reutemann ,Ferrari,80,52:01.3,REU,1978,4,1,52,1,,
Monaco,07-05-1978,Patrick  Depailler ,Tyrrell Ford,75,55:14.7,DEP,1978,5,1,55,15,,
Belgium,21-05-1978,Mario  Andretti ,Lotus Ford,70,39:52.0,AND,1978,5,1,39,52,,
Spain,04-06-1978,Mario  Andretti ,Lotus Ford,75,41:47.1,AND,1978,6,1,41,47,,
Sweden,17-06-1978,Niki  Lauda ,Brabham Alfa Romeo,70,41:00.6,LAU,1978,6,1,41,1,,
France,02-07-1978,Mario  Andretti ,Lotus Ford,54,38:51.9,AND,1978,7,1,38,52,,
Great Britain,16-07-1978,Carlos  Reutemann ,Ferrari,76,42:12.4,REU,1978,7,1,42,12,,
Germany,30-07-1978,Mario  Andretti ,Lotus Ford,45,28:00.9,AND,1978,7,1,28,1,,
Austria,13-08-1978,Ronnie  Peterson ,Lotus Ford,54,41:21.6,PET,1978,8,1,41,22,,
Netherlands,27-08-1978,Mario  Andretti ,Lotus Ford,75,41:04.2,AND,1978,8,1,41,4,,
Italy,10-09-1978,Niki  Lauda ,Brabham Alfa Romeo,40,07:04.5,LAU,1978,9,1,7,5,,
USA East,01-10-1978,Carlos  Reutemann ,Ferrari,59,40:48.8,REU,1978,10,1,40,49,,
Canada,08-10-1978,Gilles  Villeneuve ,Ferrari,70,57:49.2,VIL,1978,10,1,57,49,,
Argentina,21-01-1979,Jacques  Laffite ,Ligier Ford,53,36:03.2,LAF,1979,1,1,36,3,,
Brazil,04-02-1979,Jacques  Laffite ,Ligier Ford,40,40:09.6,LAF,1979,2,1,40,10,,
South Africa,03-03-1979,Gilles  Villeneuve ,Ferrari,78,41:50.0,VIL,1979,3,1,41,50,,
USA West,08-04-1979,Gilles  Villeneuve ,Ferrari,80,50:25.4,VIL,1979,4,1,50,25,,
Spain,29-04-1979,Patrick  Depailler ,Ligier Ford,75,39:11.8,DEP,1979,4,1,39,12,,
Belgium,13-05-1979,Jody  Scheckter ,Ferrari,70,39:59.5,SCH,1979,5,1,40,0,,
Monaco,27-05-1979,Jody  Scheckter ,Ferrari,76,55:22.5,SCH,1979,5,1,55,22,,
France,01-07-1979,Jean-Pierre  Jabouille ,Renault,80,35:20.4,JAB,1979,7,1,35,20,,
Great Britain,14-07-1979,Clay  Regazzoni ,Williams Ford,68,26:11.2,REG,1979,7,1,26,11,,
Germany,29-07-1979,Alan Jones ,Williams Ford,45,24:48.8,JON,1979,7,1,24,49,,
Austria,12-08-1979,Alan Jones ,Williams Ford,54,27:38.0,JON,1979,8,1,27,38,,
Netherlands,26-08-1979,Alan Jones ,Williams Ford,75,41:19.8,JON,1979,8,1,41,20,,
Italy,09-09-1979,Jody  Scheckter ,Ferrari,50,22:00.2,SCH,1979,9,1,22,0,,
Canada,30-09-1979,Alan Jones ,Williams Ford,72,52:06.9,JON,1979,9,1,52,7,,
USA East,07-10-1979,Gilles  Villeneuve ,Ferrari,59,52:17.7,VIL,1979,10,1,52,18,,
Argentina,13-01-1980,Alan Jones ,Williams Ford,53,43:24.4,JON,1980,1,1,43,24,,
Brazil,27-01-1980,Rene  Arnoux ,Renault,40,40:01.3,ARN,1980,1,1,40,1,,
South Africa,01-03-1980,Rene  Arnoux ,Renault,78,36:52.5,ARN,1980,3,1,36,53,,
USA West,30-03-1980,Nelson  Piquet ,Brabham Ford,80,50:18.6,PIQ,1980,3,1,50,19,,
Belgium,04-05-1980,Didier  Pironi ,Ligier Ford,72,38:46.5,PIR,1980,5,1,38,47,,
Monaco,18-05-1980,Carlos  Reutemann ,Williams Ford,76,55:34.4,REU,1980,5,1,55,34,,
France,29-06-1980,Alan Jones ,Williams Ford,54,32:43.4,JON,1980,6,1,32,43,,
Great Britain,13-07-1980,Alan Jones ,Williams Ford,76,34:49.2,JON,1980,7,1,34,49,,
Germany,10-08-1980,Jacques  Laffite ,Ligier Ford,45,22:59.7,LAF,1980,8,1,23,0,,
Austria,17-08-1980,Jean-Pierre  Jabouille ,Renault,54,26:15.7,JAB,1980,8,1,26,16,,
Netherlands,31-08-1980,Nelson  Piquet ,Brabham Ford,72,38:13.8,PIQ,1980,8,1,38,14,,
Italy,14-09-1980,Nelson  Piquet ,Brabham Ford,60,38:07.5,PIQ,1980,9,1,38,8,,
Canada,28-09-1980,Alan Jones ,Williams Ford,70,46:45.5,JON,1980,9,1,46,46,,
USA East,05-10-1980,Alan Jones ,Williams Ford,59,34:36.1,JON,1980,10,1,34,36,,
USA West,15-03-1981,Alan Jones ,Williams Ford,80,50:41.3,JON,1981,3,1,50,41,,
Brazil,29-03-1981,Carlos  Reutemann ,Williams Ford,62,00:23.7,REU,1981,3,2,0,24,,
Argentina,12-04-1981,Nelson  Piquet ,Brabham Ford,53,34:32.7,PIQ,1981,4,1,34,33,,
San Marino,03-05-1981,Nelson  Piquet ,Brabham Ford,60,51:24.0,PIQ,1981,5,1,51,24,,
Belgium,17-05-1981,Carlos  Reutemann ,Williams Ford,54,16:31.6,REU,1981,5,1,16,32,,
Monaco,31-05-1981,Gilles  Villeneuve ,Ferrari,76,54:23.4,VIL,1981,5,1,54,23,,
Spain,21-06-1981,Gilles  Villeneuve ,Ferrari,80,46:35.0,VIL,1981,6,1,46,35,,
France,05-07-1981,Alain  Prost ,Renault,80,35:48.1,PRO,1981,7,1,35,48,,
Great Britain,18-07-1981,John  Watson ,McLaren Ford,68,26:54.8,WAT,1981,7,1,26,55,,
Germany,02-08-1981,Nelson  Piquet ,Brabham Ford,45,25:55.6,PIQ,1981,8,1,25,56,,
Austria,16-08-1981,Jacques  Laffite ,Ligier Matra,53,27:36.5,LAF,1981,8,1,27,36,,
Netherlands,30-08-1981,Alain  Prost ,Renault,72,40:22.4,PRO,1981,8,1,40,22,,
Italy,13-09-1981,Alain  Prost ,Renault,52,26:33.9,PRO,1981,9,1,26,34,,
Canada,27-09-1981,Jacques  Laffite ,Ligier Matra,63,01:25.2,LAF,1981,9,2,1,25,,
Caesar's Palace,17-10-1981,Alan Jones ,Williams Ford,75,44:09.1,JON,1981,10,1,44,9,,
South Africa,23-01-1982,Alain  Prost ,Renault,77,32:08.4,PRO,1982,1,1,32,8,,
Brazil,21-03-1982,Alain  Prost ,Renault,63,44:33.1,PRO,1982,3,1,44,33,,
USA West,04-04-1982,Niki  Lauda ,McLaren Ford,75,58:25.3,LAU,1982,4,1,58,25,,
San Marino,25-04-1982,Didier  Pironi ,Ferrari,60,36:38.9,PIR,1982,4,1,36,39,,
Belgium,09-05-1982,John  Watson ,McLaren Ford,70,35:42.0,WAT,1982,5,1,35,42,,
Monaco,23-05-1982,Riccardo  Patrese ,Brabham Ford,76,54:11.3,PAT,1982,5,1,54,11,,
Detroit,06-06-1982,John  Watson ,McLaren Ford,62,58:41.0,WAT,1982,6,1,58,41,,
Canada,13-06-1982,Nelson  Piquet ,Brabham BMW,70,46:39.6,PIQ,1982,6,1,46,40,,
Netherlands,03-07-1982,Didier  Pironi ,Ferrari,72,38:03.3,PIR,1982,7,1,38,3,,
Great Britain,18-07-1982,Niki  Lauda ,McLaren Ford,76,35:33.8,LAU,1982,7,1,35,34,,
France,25-07-1982,Rene  Arnoux ,Renault,54,33:33.2,ARN,1982,7,1,33,33,,
Germany,08-08-1982,Patrick  Tambay ,Ferrari,45,27:25.2,TAM,1982,8,1,27,25,,
Austria,15-08-1982,Elio  de Angelis ,Lotus Ford,53,25:02.2,DEA,1982,8,1,25,2,,
Switzerland,29-08-1982,Keke  Rosberg ,Williams Ford,80,32:41.1,ROS,1982,8,1,32,41,,
Italy,12-09-1982,Rene  Arnoux ,Renault,52,22:25.7,ARN,1982,9,1,22,26,,
Caesar's Palace,25-09-1982,Michele  Alboreto ,Tyrrell Ford,75,41:56.9,ALB,1982,9,1,41,57,,
Brazil,13-03-1983,Nelson  Piquet ,Brabham BMW,63,48:27.7,PIQ,1983,3,1,48,28,,
USA West,27-03-1983,John  Watson ,McLaren Ford,75,53:34.9,WAT,1983,3,1,53,35,,
France,17-04-1983,Alain  Prost ,Renault,54,34:13.9,PRO,1983,4,1,34,14,,
San Marino,01-05-1983,Patrick  Tambay ,Ferrari,60,37:52.5,TAM,1983,5,1,37,52,,
Monaco,15-05-1983,Keke  Rosberg ,Williams Ford,76,56:38.1,ROS,1983,5,1,56,38,,
Belgium,22-05-1983,Alain  Prost ,Renault,40,27:11.5,PRO,1983,5,1,27,12,,
Detroit,05-06-1983,Michele  Alboreto ,Tyrrell Ford,60,50:53.7,ALB,1983,6,1,50,54,,
Canada,12-06-1983,Rene  Arnoux ,Ferrari,70,48:31.8,ARN,1983,6,1,48,32,,
Great Britain,16-07-1983,Alain  Prost ,Renault,67,24:39.8,PRO,1983,7,1,24,40,,
Germany,07-08-1983,Rene  Arnoux ,Ferrari,45,27:10.3,ARN,1983,8,1,27,10,,
Austria,14-08-1983,Alain  Prost ,Renault,53,24:32.7,PRO,1983,8,1,24,33,,
Netherlands,28-08-1983,Rene  Arnoux ,Ferrari,72,38:42.0,ARN,1983,8,1,38,42,,
Italy,11-09-1983,Nelson  Piquet ,Brabham BMW,52,23:10.9,PIQ,1983,9,1,23,11,,
Europe,25-09-1983,Nelson  Piquet ,Brabham BMW,76,36:45.9,PIQ,1983,9,1,36,46,,
South Africa,15-10-1983,Riccardo  Patrese ,Brabham BMW,77,33:25.7,PAT,1983,10,1,33,26,,
Brazil,25-03-1984,Alain  Prost ,McLaren TAG,61,42:34.5,PRO,1984,3,1,42,34,,
South Africa,07-04-1984,Niki  Lauda ,McLaren TAG,75,29:23.4,LAU,1984,4,1,29,23,,
Belgium,29-04-1984,Michele  Alboreto ,Ferrari,70,36:32.0,ALB,1984,4,1,36,32,,
San Marino,06-05-1984,Alain  Prost ,McLaren TAG,60,36:53.7,PRO,1984,5,1,36,54,,
France,20-05-1984,Niki  Lauda ,McLaren TAG,79,31:12.0,LAU,1984,5,1,31,12,,
Monaco,03-06-1984,Alain  Prost ,McLaren TAG,31,01:07.7,PRO,1984,6,1,1,8,,
Canada,17-06-1984,Nelson  Piquet ,Brabham BMW,70,46:23.7,PIQ,1984,6,1,46,24,,
Detroit,24-06-1984,Nelson  Piquet ,Brabham BMW,63,55:41.8,PIQ,1984,6,1,55,42,,
Dallas,08-07-1984,Keke  Rosberg ,Williams Honda,67,01:22.6,ROS,1984,7,2,1,23,,
Great Britain,22-07-1984,Niki  Lauda ,McLaren TAG,71,29:28.5,LAU,1984,7,1,29,29,,
Germany,05-08-1984,Alain  Prost ,McLaren TAG,44,24:43.2,PRO,1984,8,1,24,43,,
Austria,19-08-1984,Niki  Lauda ,McLaren TAG,51,21:12.9,LAU,1984,8,1,21,13,,
Netherlands,26-08-1984,Alain  Prost ,McLaren TAG,71,37:21.5,PRO,1984,8,1,37,21,,
Italy,09-09-1984,Niki  Lauda ,McLaren TAG,51,20:29.1,LAU,1984,9,1,20,29,,
Europe,07-10-1984,Alain  Prost ,McLaren TAG,67,35:13.3,PRO,1984,10,1,35,13,,
Portugal,21-10-1984,Alain  Prost ,McLaren TAG,70,41:11.8,PRO,1984,10,1,41,12,,
Brazil,07-04-1985,Alain  Prost ,McLaren TAG,61,41:26.1,PRO,1985,4,1,41,26,,
Portugal,21-04-1985,Ayrton  Senna ,Lotus Renault,67,00:28.0,SEN,1985,4,2,0,28,,
San Marino,05-05-1985,Elio  de Angelis ,Lotus Renault,60,34:36.0,DEA,1985,5,1,34,36,,
Monaco,19-05-1985,Alain  Prost ,McLaren TAG,78,51:58.0,PRO,1985,5,1,51,58,,
Canada,16-06-1985,Michele  Alboreto ,Ferrari,70,46:01.8,ALB,1985,6,1,46,2,,
Detroit,23-06-1985,Keke  Rosberg ,Williams Honda,63,55:39.9,ROS,1985,6,1,55,40,,
France,07-07-1985,Nelson  Piquet ,Brabham BMW,53,31:46.3,PIQ,1985,7,1,31,46,,
Great Britain,21-07-1985,Alain  Prost ,McLaren TAG,65,18:10.4,PRO,1985,7,1,18,10,,
Germany,04-08-1985,Michele  Alboreto ,Ferrari,67,35:31.3,ALB,1985,8,1,35,31,,
Austria,18-08-1985,Alain  Prost ,McLaren TAG,52,20:12.6,PRO,1985,8,1,20,13,,
Netherlands,25-08-1985,Niki  Lauda ,McLaren TAG,70,32:29.3,LAU,1985,8,1,32,29,,
Italy,08-09-1985,Alain  Prost ,McLaren TAG,51,17:59.5,PRO,1985,9,1,17,59,,
Belgium,15-09-1985,Ayrton  Senna ,Lotus Renault,43,34:19.9,SEN,1985,9,1,34,20,,
Europe,06-10-1985,Nigel  Mansell ,Williams Honda,75,32:58.1,MAN,1985,10,1,32,58,,
South Africa,19-10-1985,Nigel  Mansell ,Williams Honda,75,28:22.9,MAN,1985,10,1,28,23,,
Australia,03-11-1985,Keke  Rosberg ,Williams Honda,82,00:40.5,ROS,1985,11,2,0,40,,
Brazil,23-03-1986,Nelson  Piquet ,Williams Honda,61,39:32.6,PIQ,1986,3,1,39,33,,
Spain,13-04-1986,Ayrton  Senna ,Lotus Renault,72,48:47.7,SEN,1986,4,1,48,48,,
San Marino,27-04-1986,Alain  Prost ,McLaren TAG,60,32:28.4,PRO,1986,4,1,32,28,,
Monaco,11-05-1986,Alain  Prost ,McLaren TAG,78,55:41.1,PRO,1986,5,1,55,41,,
Belgium,25-05-1986,Nigel  Mansell ,Williams Honda,43,27:57.9,MAN,1986,5,1,27,58,,
Canada,15-06-1986,Nigel  Mansell ,Williams Honda,69,42:26.4,MAN,1986,6,1,42,26,,
Detroit,22-06-1986,Ayrton  Senna ,Lotus Renault,63,51:12.8,SEN,1986,6,1,51,13,,
France,06-07-1986,Nigel  Mansell ,Williams Honda,80,37:19.3,MAN,1986,7,1,37,19,,
Great Britain,13-07-1986,Nigel  Mansell ,Williams Honda,75,30:38.5,MAN,1986,7,1,30,38,,
Germany,27-07-1986,Nelson  Piquet ,Williams Honda,44,22:08.3,PIQ,1986,7,1,22,8,,
Hungary,10-08-1986,Nelson  Piquet ,Williams Honda,76,00:34.5,PIQ,1986,8,2,0,35,,
Austria,17-08-1986,Alain  Prost ,McLaren TAG,52,21:22.5,PRO,1986,8,1,21,23,,
Italy,07-09-1986,Nelson  Piquet ,Williams Honda,51,17:42.9,PIQ,1986,9,1,17,43,,
Portugal,21-09-1986,Nigel  Mansell ,Williams Honda,70,37:21.9,MAN,1986,9,1,37,22,,
Mexico,12-10-1986,Gerhard  Berger ,Benetton BMW,68,33:18.7,BER,1986,10,1,33,19,,
Australia,26-10-1986,Alain  Prost ,McLaren TAG,82,54:20.4,PRO,1986,10,1,54,20,,
Brazil,12-04-1987,Alain  Prost ,McLaren TAG,61,39:45.1,PRO,1987,4,1,39,45,,
San Marino,03-05-1987,Nigel  Mansell ,Williams Honda,59,31:24.1,MAN,1987,5,1,31,24,,
Belgium,17-05-1987,Alain  Prost ,McLaren TAG,43,27:03.2,PRO,1987,5,1,27,3,,
Monaco,31-05-1987,Ayrton  Senna ,Lotus Honda,78,57:54.1,SEN,1987,5,1,57,54,,
Detroit,21-06-1987,Ayrton  Senna ,Lotus Honda,63,50:16.4,SEN,1987,6,1,50,16,,
France,05-07-1987,Nigel  Mansell ,Williams Honda,80,37:03.8,MAN,1987,7,1,37,4,,
Great Britain,12-07-1987,Nigel  Mansell ,Williams Honda,65,19:11.8,MAN,1987,7,1,19,12,,
Germany,26-07-1987,Nelson  Piquet ,Williams Honda,44,21:25.1,PIQ,1987,7,1,21,25,,
Hungary,09-08-1987,Nelson  Piquet ,Williams Honda,76,59:26.8,PIQ,1987,8,1,59,27,,
Austria,16-08-1987,Nigel  Mansell ,Williams Honda,52,18:44.9,MAN,1987,8,1,18,45,,
Italy,06-09-1987,Nelson  Piquet ,Williams Honda,50,14:47.7,PIQ,1987,9,1,14,48,,
Portugal,20-09-1987,Alain  Prost ,McLaren TAG,70,37:03.9,PRO,1987,9,1,37,4,,
Spain,27-09-1987,Nigel  Mansell ,Williams Honda,72,49:12.7,MAN,1987,9,1,49,13,,
Mexico,18-10-1987,Nigel  Mansell ,Williams Honda,63,26:24.2,MAN,1987,10,1,26,24,,
Japan,01-11-1987,Gerhard  Berger ,Ferrari,51,32:58.1,BER,1987,11,1,32,58,,
Australia,15-11-1987,Gerhard  Berger ,Ferrari,82,52:56.1,BER,1987,11,1,52,56,,
Brazil,03-04-1988,Alain  Prost ,McLaren Honda,60,36:06.9,PRO,1988,4,1,36,7,,
San Marino,01-05-1988,Ayrton  Senna ,McLaren Honda,60,32:41.3,SEN,1988,5,1,32,41,,
Monaco,15-05-1988,Alain  Prost ,McLaren Honda,78,57:17.1,PRO,1988,5,1,57,17,,
Mexico,29-05-1988,Alain  Prost ,McLaren Honda,67,30:15.7,PRO,1988,5,1,30,16,,
Canada,12-06-1988,Ayrton  Senna ,McLaren Honda,69,39:46.6,SEN,1988,6,1,39,47,,
Detroit,19-06-1988,Ayrton  Senna ,McLaren Honda,63,54:56.0,SEN,1988,6,1,54,56,,
France,03-07-1988,Alain  Prost ,McLaren Honda,80,37:37.3,PRO,1988,7,1,37,37,,
Great Britain,10-07-1988,Ayrton  Senna ,McLaren Honda,65,33:16.4,SEN,1988,7,1,33,16,,
Germany,24-07-1988,Ayrton  Senna ,McLaren Honda,44,32:54.2,SEN,1988,7,1,32,54,,
Hungary,07-08-1988,Ayrton  Senna ,McLaren Honda,76,57:47.1,SEN,1988,8,1,57,47,,
Belgium,28-08-1988,Ayrton  Senna ,McLaren Honda,43,28:00.5,SEN,1988,8,1,28,1,,
Italy,11-09-1988,Gerhard  Berger ,Ferrari,51,17:39.7,BER,1988,9,1,17,40,,
Portugal,25-09-1988,Alain  Prost ,McLaren Honda,70,37:41.0,PRO,1988,9,1,37,41,,
Spain,02-10-1988,Alain  Prost ,McLaren Honda,72,48:43.9,PRO,1988,10,1,48,44,,
Japan,30-10-1988,Ayrton  Senna ,McLaren Honda,51,33:26.2,SEN,1988,10,1,33,26,,
Australia,13-11-1988,Alain  Prost ,McLaren Honda,82,53:14.7,PRO,1988,11,1,53,15,,
Brazil,26-03-1989,Nigel  Mansell ,Ferrari,61,38:58.7,MAN,1989,3,1,38,59,,
San Marino,23-04-1989,Ayrton  Senna ,McLaren Honda,58,26:51.2,SEN,1989,4,1,26,51,,
Monaco,07-05-1989,Ayrton  Senna ,McLaren Honda,77,53:33.3,SEN,1989,5,1,53,33,,
Mexico,28-05-1989,Ayrton  Senna ,McLaren Honda,69,35:21.4,SEN,1989,5,1,35,21,,
United States,04-06-1989,Alain  Prost ,McLaren Honda,75,01:33.1,PRO,1989,6,2,1,33,,
Canada,18-06-1989,Thierry  Boutsen ,Williams Renault,69,01:24.1,BOU,1989,6,2,1,24,,
France,09-07-1989,Alain  Prost ,McLaren Honda,80,38:29.4,PRO,1989,7,1,38,29,,
Great Britain,16-07-1989,Alain  Prost ,McLaren Honda,64,19:22.1,PRO,1989,7,1,19,22,,
Germany,30-07-1989,Ayrton  Senna ,McLaren Honda,45,21:43.3,SEN,1989,7,1,21,43,,
Hungary,13-08-1989,Nigel  Mansell ,Ferrari,77,49:38.7,MAN,1989,8,1,49,39,,
Belgium,27-08-1989,Ayrton  Senna ,McLaren Honda,44,40:54.2,SEN,1989,8,1,40,54,,
Italy,10-09-1989,Alain  Prost ,McLaren Honda,53,19:27.5,PRO,1989,9,1,19,28,,
Portugal,24-09-1989,Gerhard  Berger ,Ferrari,71,36:48.5,BER,1989,9,1,36,49,,
Spain,01-10-1989,Ayrton  Senna ,McLaren Honda,72,47:48.3,SEN,1989,10,1,47,48,,
Japan,22-10-1989,Alessandro  Nannini ,Benetton Ford,53,35:06.3,NAN,1989,10,1,35,6,,
Australia,05-11-1989,Thierry  Boutsen ,Williams Renault,70,00:17.4,BOU,1989,11,2,0,17,,
United States,11-03-1990,Ayrton  Senna ,McLaren Honda,72,52:32.8,SEN,1990,3,1,52,33,,
Brazil,25-03-1990,Alain  Prost ,Ferrari,71,37:21.3,PRO,1990,3,1,37,21,,
San Marino,13-05-1990,Riccardo  Patrese ,Williams Renault,61,30:55.5,PAT,1990,5,1,30,55,,
Monaco,27-05-1990,Ayrton  Senna ,McLaren Honda,78,52:47.0,SEN,1990,5,1,52,47,,
Canada,10-06-1990,Ayrton  Senna ,McLaren Honda,70,42:56.4,SEN,1990,6,1,42,56,,
Mexico,24-06-1990,Alain  Prost ,Ferrari,69,32:35.8,PRO,1990,6,1,32,36,,
France,08-07-1990,Alain  Prost ,Ferrari,80,33:29.6,PRO,1990,7,1,33,30,,
Great Britain,15-07-1990,Alain  Prost ,Ferrari,64,18:31.0,PRO,1990,7,1,18,31,,
Germany,29-07-1990,Ayrton  Senna ,McLaren Honda,45,20:47.2,SEN,1990,7,1,20,47,,
Hungary,12-08-1990,Thierry  Boutsen ,Williams Renault,77,49:30.6,BOU,1990,8,1,49,31,,
Belgium,26-08-1990,Ayrton  Senna ,McLaren Honda,44,26:32.0,SEN,1990,8,1,26,32,,
Italy,09-09-1990,Ayrton  Senna ,McLaren Honda,53,17:57.9,SEN,1990,9,1,17,58,,
Portugal,23-09-1990,Nigel  Mansell ,Ferrari,61,22:11.0,MAN,1990,9,1,22,11,,
Spain,30-09-1990,Alain  Prost ,Ferrari,73,48:01.5,PRO,1990,9,1,48,1,,
Japan,21-10-1990,Nelson  Piquet ,Benetton Ford,53,34:36.8,PIQ,1990,10,1,34,37,,
Australia,04-11-1990,Nelson  Piquet ,Benetton Ford,81,49:44.6,PIQ,1990,11,1,49,45,,
United States,10-03-1991,Ayrton  Senna ,McLaren Honda,81,00:47.8,SEN,1991,3,2,0,48,,
Brazil,24-03-1991,Ayrton  Senna ,McLaren Honda,71,38:28.1,SEN,1991,3,1,38,28,,
San Marino,28-04-1991,Ayrton  Senna ,McLaren Honda,61,35:14.8,SEN,1991,4,1,35,15,,
Monaco,12-05-1991,Ayrton  Senna ,McLaren Honda,78,53:02.3,SEN,1991,5,1,53,2,,
Canada,02-06-1991,Nelson  Piquet ,Benetton Ford,69,38:51.5,PIQ,1991,6,1,38,51,,
Mexico,16-06-1991,Riccardo  Patrese ,Williams Renault,67,29:52.2,PAT,1991,6,1,29,52,,
France,07-07-1991,Nigel  Mansell ,Williams Renault,72,38:00.1,MAN,1991,7,1,38,0,,
Great Britain,14-07-1991,Nigel  Mansell ,Williams Renault,59,27:35.5,MAN,1991,7,1,27,35,,
Germany,28-07-1991,Nigel  Mansell ,Williams Renault,45,19:29.7,MAN,1991,7,1,19,30,,
Hungary,11-08-1991,Ayrton  Senna ,McLaren Honda,77,49:12.8,SEN,1991,8,1,49,13,,
Belgium,25-08-1991,Ayrton  Senna ,McLaren Honda,44,27:17.7,SEN,1991,8,1,27,18,,
Italy,08-09-1991,Nigel  Mansell ,Williams Renault,53,17:54.3,MAN,1991,9,1,17,54,,
Portugal,22-09-1991,Riccardo  Patrese ,Williams Renault,71,35:42.3,PAT,1991,9,1,35,42,,
Spain,29-09-1991,Nigel  Mansell ,Williams Renault,65,38:41.5,MAN,1991,9,1,38,42,,
Japan,20-10-1991,Gerhard  Berger ,McLaren Honda,53,32:10.7,BER,1991,10,1,32,11,,
Australia,03-11-1991,Ayrton  Senna ,McLaren Honda,14,24:34.9,SEN,1991,11,0,24,35,,
South Africa,01-03-1992,Nigel  Mansell ,Williams Renault,72,36:45.3,MAN,1992,3,1,36,45,,
Mexico,22-03-1992,Nigel  Mansell ,Williams Renault,69,31:53.6,MAN,1992,3,1,31,54,,
Brazil,05-04-1992,Nigel  Mansell ,Williams Renault,71,36:51.9,MAN,1992,4,1,36,52,,
Spain,03-05-1992,Nigel  Mansell ,Williams Renault,65,56:10.7,MAN,1992,5,1,56,11,,
San Marino,17-05-1992,Nigel  Mansell ,Williams Renault,60,28:40.9,MAN,1992,5,1,28,41,,
Monaco,31-05-1992,Ayrton  Senna ,McLaren Honda,78,50:59.4,SEN,1992,5,1,50,59,,
Canada,14-06-1992,Gerhard  Berger ,McLaren Honda,69,37:08.3,BER,1992,6,1,37,8,,
France,05-07-1992,Nigel  Mansell ,Williams Renault,69,38:08.5,MAN,1992,7,1,38,8,,
Great Britain,12-07-1992,Nigel  Mansell ,Williams Renault,59,25:43.0,MAN,1992,7,1,25,43,,
Germany,26-07-1992,Nigel  Mansell ,Williams Renault,45,18:22.0,MAN,1992,7,1,18,22,,
Hungary,16-08-1992,Ayrton  Senna ,McLaren Honda,77,46:19.2,SEN,1992,8,1,46,19,,
Belgium,30-08-1992,Michael  Schumacher ,Benetton Ford,44,36:10.7,MSC,1992,8,1,36,11,,
Italy,13-09-1992,Ayrton  Senna ,McLaren Honda,53,18:15.3,SEN,1992,9,1,18,15,,
Portugal,27-09-1992,Nigel  Mansell ,Williams Renault,71,34:46.7,MAN,1992,9,1,34,47,,
Japan,25-10-1992,Riccardo  Patrese ,Williams Renault,53,33:09.6,PAT,1992,10,1,33,10,,
Australia,08-11-1992,Gerhard  Berger ,McLaren Honda,82,46:54.8,BER,1992,11,1,46,55,,
South Africa,14-03-1993,Alain  Prost ,Williams Renault,72,38:45.1,PRO,1993,3,1,38,45,,
Brazil,28-03-1993,Ayrton  Senna ,McLaren Ford,71,51:15.5,SEN,1993,3,1,51,15,,
Europe,11-04-1993,Ayrton  Senna ,McLaren Ford,76,50:46.6,SEN,1993,4,1,50,47,,
San Marino,25-04-1993,Alain  Prost ,Williams Renault,61,33:20.4,PRO,1993,4,1,33,20,,
Spain,09-05-1993,Alain  Prost ,Williams Renault,65,32:27.7,PRO,1993,5,1,32,28,,
Monaco,23-05-1993,Ayrton  Senna ,McLaren Ford,78,52:10.9,SEN,1993,5,1,52,11,,
Canada,13-06-1993,Alain  Prost ,Williams Renault,69,36:41.8,PRO,1993,6,1,36,42,,
France,04-07-1993,Alain  Prost ,Williams Renault,72,38:35.2,PRO,1993,7,1,38,35,,
Great Britain,11-07-1993,Alain  Prost ,Williams Renault,59,25:38.2,PRO,1993,7,1,25,38,,
Germany,25-07-1993,Alain  Prost ,Williams Renault,45,18:40.9,PRO,1993,7,1,18,41,,
Hungary,15-08-1993,Damon  Hill ,Williams Renault,77,47:39.1,HIL,1993,8,1,47,39,,
Belgium,29-08-1993,Damon  Hill ,Williams Renault,44,24:32.1,HIL,1993,8,1,24,32,,
Italy,12-09-1993,Damon  Hill ,Williams Renault,53,17:07.5,HIL,1993,9,1,17,8,,
Portugal,26-09-1993,Michael  Schumacher ,Benetton Ford,71,32:46.3,MSC,1993,9,1,32,46,,
Japan,24-10-1993,Ayrton  Senna ,McLaren Ford,53,40:27.9,SEN,1993,10,1,40,28,,
Australia,07-11-1993,Ayrton  Senna ,McLaren Ford,79,43:27.5,SEN,1993,11,1,43,27,,
Brazil,27-03-1994,Michael  Schumacher ,Benetton Ford,71,35:38.8,MSC,1994,3,1,35,39,,
Pacific,17-04-1994,Michael  Schumacher ,Benetton Ford,83,46:01.7,MSC,1994,4,1,46,2,,
San Marino,01-05-1994,Michael  Schumacher ,Benetton Ford,58,28:28.6,MSC,1994,5,1,28,29,,
Monaco,15-05-1994,Michael  Schumacher ,Benetton Ford,78,49:55.4,MSC,1994,5,1,49,55,,
Spain,29-05-1994,Damon  Hill ,Williams Renault,65,36:14.4,HIL,1994,5,1,36,14,,
Canada,12-06-1994,Michael  Schumacher ,Benetton Ford,69,44:31.9,MSC,1994,6,1,44,32,,
France,03-07-1994,Michael  Schumacher ,Benetton Ford,72,38:35.7,MSC,1994,7,1,38,36,,
Great Britain,10-07-1994,Damon  Hill ,Williams Renault,60,30:03.6,HIL,1994,7,1,30,4,,
Germany,31-07-1994,Gerhard  Berger ,Ferrari,45,22:37.3,BER,1994,7,1,22,37,,
Hungary,14-08-1994,Michael  Schumacher ,Benetton Ford,77,48:00.2,MSC,1994,8,1,48,0,,
Belgium,28-08-1994,Damon  Hill ,Williams Renault,44,28:47.2,HIL,1994,8,1,28,47,,
Italy,11-09-1994,Damon  Hill ,Williams Renault,53,18:02.8,HIL,1994,9,1,18,3,,
Portugal,25-09-1994,Damon  Hill ,Williams Renault,71,41:10.2,HIL,1994,9,1,41,10,,
Europe,16-10-1994,Michael  Schumacher ,Benetton Ford,69,40:26.7,MSC,1994,10,1,40,27,,
Japan,06-11-1994,Damon  Hill ,Williams Renault,50,55:53.5,HIL,1994,11,1,55,54,,
Australia,13-11-1994,Nigel  Mansell ,Williams Renault,81,47:51.5,MAN,1994,11,1,47,51,,
Brazil,26-03-1995,Michael  Schumacher ,Benetton Renault,71,38:34.2,MSC,1995,3,1,38,34,,
Argentina,09-04-1995,Damon  Hill ,Williams Renault,71,51:39.5,HIL,1995,4,1,51,40,,
San Marino,30-04-1995,Damon  Hill ,Williams Renault,63,41:42.6,HIL,1995,4,1,41,43,,
Spain,14-05-1995,Michael  Schumacher ,Benetton Renault,65,34:20.5,MSC,1995,5,1,34,21,,
Monaco,28-05-1995,Michael  Schumacher ,Benetton Renault,78,53:11.3,MSC,1995,5,1,53,11,,
Canada,11-06-1995,Jean  Alesi ,Ferrari,69,46:31.3,ALE,1995,6,1,46,31,,
France,02-07-1995,Michael  Schumacher ,Benetton Renault,72,38:28.4,MSC,1995,7,1,38,28,,
Great Britain,16-07-1995,Johnny  Herbert ,Benetton Renault,61,34:35.1,HER,1995,7,1,34,35,,
Germany,30-07-1995,Michael  Schumacher ,Benetton Renault,45,22:56.0,MSC,1995,7,1,22,56,,
Hungary,13-08-1995,Damon  Hill ,Williams Renault,77,46:25.7,HIL,1995,8,1,46,26,,
Belgium,27-08-1995,Michael  Schumacher ,Benetton Renault,44,36:47.9,MSC,1995,8,1,36,48,,
Italy,10-09-1995,Johnny  Herbert ,Benetton Renault,53,18:27.9,HER,1995,9,1,18,28,,
Portugal,24-09-1995,David  Coulthard ,Williams Renault,71,41:52.1,COU,1995,9,1,41,52,,
Europe,01-10-1995,Michael  Schumacher ,Benetton Renault,67,39:59.0,MSC,1995,10,1,39,59,,
Pacific,22-10-1995,Michael  Schumacher ,Benetton Renault,83,48:50.0,MSC,1995,10,1,48,50,,
Japan,29-10-1995,Michael  Schumacher ,Benetton Renault,53,36:52.9,MSC,1995,10,1,36,53,,
Australia,12-11-1995,Damon  Hill ,Williams Renault,81,49:15.9,HIL,1995,11,1,49,16,,
Australia,10-03-1996,Damon  Hill ,Williams Renault,58,32:50.5,HIL,1996,3,1,32,50,,
Brazil,31-03-1996,Damon  Hill ,Williams Renault,71,49:53.0,HIL,1996,3,1,49,53,,
Argentina,07-04-1996,Damon  Hill ,Williams Renault,72,54:55.3,HIL,1996,4,1,54,55,,
Europe,28-04-1996,Jacques  Villeneuve ,Williams Renault,67,33:26.5,VIL,1996,4,1,33,26,,
San Marino,05-05-1996,Damon  Hill ,Williams Renault,63,35:26.2,HIL,1996,5,1,35,26,,
Monaco,19-05-1996,Olivier  Panis ,Ligier Mugen Honda,75,00:45.6,PAN,1996,5,2,0,46,,
Spain,02-06-1996,Michael  Schumacher ,Ferrari,65,59:49.3,MSC,1996,6,1,59,49,,
Canada,16-06-1996,Damon  Hill ,Williams Renault,69,36:03.5,HIL,1996,6,1,36,3,,
France,30-06-1996,Damon  Hill ,Williams Renault,72,36:28.8,HIL,1996,6,1,36,29,,
Great Britain,14-07-1996,Jacques  Villeneuve ,Williams Renault,61,33:00.9,VIL,1996,7,1,33,1,,
Germany,28-07-1996,Damon  Hill ,Williams Renault,45,21:43.4,HIL,1996,7,1,21,43,,
Hungary,11-08-1996,Jacques  Villeneuve ,Williams Renault,77,46:21.1,VIL,1996,8,1,46,21,,
Belgium,25-08-1996,Michael  Schumacher ,Ferrari,44,28:15.1,MSC,1996,8,1,28,15,,
Italy,08-09-1996,Michael  Schumacher ,Ferrari,53,17:43.6,MSC,1996,9,1,17,44,,
Portugal,22-09-1996,Jacques  Villeneuve ,Williams Renault,70,40:22.9,VIL,1996,9,1,40,23,,
Japan,13-10-1996,Damon  Hill ,Williams Renault,52,32:33.8,HIL,1996,10,1,32,34,,
Australia,09-03-1997,David  Coulthard ,McLaren Mercedes,58,30:28.7,COU,1997,3,1,30,29,,
Brazil,30-03-1997,Jacques  Villeneuve ,Williams Renault,72,36:07.0,VIL,1997,3,1,36,7,,
Argentina,13-04-1997,Jacques  Villeneuve ,Williams Renault,72,52:01.7,VIL,1997,4,1,52,2,,
San Marino,27-04-1997,Heinz-Harald  Frentzen ,Williams Renault,62,31:00.7,FRE,1997,4,1,31,1,,
Monaco,11-05-1997,Michael  Schumacher ,Ferrari,62,00:05.7,MSC,1997,5,2,0,6,,
Spain,25-05-1997,Jacques  Villeneuve ,Williams Renault,64,30:35.9,VIL,1997,5,1,30,36,,
Canada,15-06-1997,Michael  Schumacher ,Ferrari,54,17:40.6,MSC,1997,6,1,17,41,,
France,29-06-1997,Michael  Schumacher ,Ferrari,72,38:50.5,MSC,1997,6,1,38,50,,
Great Britain,13-07-1997,Jacques  Villeneuve ,Williams Renault,59,28:01.7,VIL,1997,7,1,28,2,,
Germany,27-07-1997,Gerhard  Berger ,Benetton Renault,45,20:59.0,BER,1997,7,1,20,59,,
Hungary,10-08-1997,Jacques  Villeneuve ,Williams Renault,77,45:47.1,VIL,1997,8,1,45,47,,
Belgium,24-08-1997,Michael  Schumacher ,Ferrari,44,33:46.7,MSC,1997,8,1,33,47,,
Italy,07-09-1997,David  Coulthard ,McLaren Mercedes,53,17:04.6,COU,1997,9,1,17,5,,
Austria,21-09-1997,Jacques  Villeneuve ,Williams Renault,71,27:36.0,VIL,1997,9,1,27,36,,
Luxembourg,28-09-1997,Jacques  Villeneuve ,Williams Renault,67,31:27.8,VIL,1997,9,1,31,28,,
Japan,12-10-1997,Michael  Schumacher ,Ferrari,53,29:48.4,MSC,1997,10,1,29,48,,
Europe,26-10-1997,Mika  Hakkinen ,McLaren Mercedes,69,38:57.8,HAK,1997,10,1,38,58,,
Australia,08-03-1998,Mika  Hakkinen ,McLaren Mercedes,58,31:46.0,HAK,1998,3,1,31,46,,
Brazil,29-03-1998,Mika  Hakkinen ,McLaren Mercedes,72,37:11.7,HAK,1998,3,1,37,12,,
Argentina,12-04-1998,Michael  Schumacher ,Ferrari,72,48:36.2,MSC,1998,4,1,48,36,,
San Marino,26-04-1998,David  Coulthard ,McLaren Mercedes,62,34:24.6,COU,1998,4,1,34,25,,
Spain,10-05-1998,Mika  Hakkinen ,McLaren Mercedes,65,33:37.6,HAK,1998,5,1,33,38,,
Monaco,24-05-1998,Mika  Hakkinen ,McLaren Mercedes,78,51:23.6,HAK,1998,5,1,51,24,,
Canada,07-06-1998,Michael  Schumacher ,Ferrari,69,40:57.4,MSC,1998,6,1,40,57,,
France,28-06-1998,Michael  Schumacher ,Ferrari,71,34:45.0,MSC,1998,6,1,34,45,,
Great Britain,12-07-1998,Michael  Schumacher ,Ferrari,60,47:02.4,MSC,1998,7,1,47,2,,
Austria,26-07-1998,Mika  Hakkinen ,McLaren Mercedes,71,30:44.1,HAK,1998,7,1,30,44,,
Germany,02-08-1998,Mika  Hakkinen ,McLaren Mercedes,45,20:48.0,HAK,1998,8,1,20,48,,
Hungary,16-08-1998,Michael  Schumacher ,Ferrari,77,45:25.5,MSC,1998,8,1,45,26,,
Belgium,30-08-1998,Damon  Hill ,Jordan Mugen Honda,44,43:47.4,HIL,1998,8,1,43,47,,
Italy,13-09-1998,Michael  Schumacher ,Ferrari,53,17:09.7,MSC,1998,9,1,17,10,,
Luxembourg,27-09-1998,Mika  Hakkinen ,McLaren Mercedes,67,32:14.8,HAK,1998,9,1,32,15,,
Japan,01-11-1998,Mika  Hakkinen ,McLaren Mercedes,51,27:22.5,HAK,1998,11,1,27,23,,
Australia,07-03-1999,Eddie  Irvine ,Ferrari,57,35:01.7,IRV,1999,3,1,35,2,,
Brazil,11-04-1999,Mika  Hakkinen ,McLaren Mercedes,72,36:03.8,HAK,1999,4,1,36,4,,
San Marino,02-05-1999,Michael  Schumacher ,Ferrari,62,33:44.8,MSC,1999,5,1,33,45,,
Monaco,16-05-1999,Michael  Schumacher ,Ferrari,78,49:31.8,MSC,1999,5,1,49,32,,
Spain,30-05-1999,Mika  Hakkinen ,McLaren Mercedes,65,34:13.7,HAK,1999,5,1,34,14,,
Canada,13-06-1999,Mika  Hakkinen ,McLaren Mercedes,69,41:35.7,HAK,1999,6,1,41,36,,
France,27-06-1999,Heinz-Harald  Frentzen ,Jordan Mugen Honda,72,58:24.3,FRE,1999,6,1,58,24,,
Great Britain,11-07-1999,David  Coulthard ,McLaren Mercedes,60,32:30.1,COU,1999,7,1,32,30,,
Austria,25-07-1999,Eddie  Irvine ,Ferrari,71,28:12.4,IRV,1999,7,1,28,12,,
Germany,01-08-1999,Eddie  Irvine ,Ferrari,45,21:58.6,IRV,1999,8,1,21,59,,
Hungary,15-08-1999,Mika  Hakkinen ,McLaren Mercedes,77,46:23.5,HAK,1999,8,1,46,24,,
Belgium,29-08-1999,David  Coulthard ,McLaren Mercedes,44,25:43.1,COU,1999,8,1,25,43,,
Italy,12-09-1999,Heinz-Harald  Frentzen ,Jordan Mugen Honda,53,17:02.9,FRE,1999,9,1,17,3,,
Europe,26-09-1999,Johnny  Herbert ,Stewart Ford,66,41:54.3,HER,1999,9,1,41,54,,
Malaysia,17-10-1999,Eddie  Irvine ,Ferrari,56,36:38.5,IRV,1999,10,1,36,38,,
Japan,31-10-1999,Mika  Hakkinen ,McLaren Mercedes,53,31:18.8,HAK,1999,10,1,31,19,,
Australia,12-03-2000,Michael  Schumacher ,Ferrari,58,34:02.0,MSC,2000,3,1,34,2,,
Brazil,26-03-2000,Michael  Schumacher ,Ferrari,71,31:35.3,MSC,2000,3,1,31,35,,
San Marino,09-04-2000,Michael  Schumacher ,Ferrari,62,31:39.8,MSC,2000,4,1,31,40,,
Great Britain,23-04-2000,David  Coulthard ,McLaren Mercedes,60,28:50.1,COU,2000,4,1,28,50,,
Spain,07-05-2000,Mika  Hakkinen ,McLaren Mercedes,65,33:55.4,HAK,2000,5,1,33,55,,
Europe,21-05-2000,Michael  Schumacher ,Ferrari,67,42:00.3,MSC,2000,5,1,42,0,,
Monaco,04-06-2000,David  Coulthard ,McLaren Mercedes,78,49:28.2,COU,2000,6,1,49,28,,
Canada,18-06-2000,Michael  Schumacher ,Ferrari,69,41:12.3,MSC,2000,6,1,41,12,,
France,02-07-2000,David  Coulthard ,McLaren Mercedes,72,38:05.5,COU,2000,7,1,38,6,,
Austria,16-07-2000,Mika  Hakkinen ,McLaren Mercedes,71,28:15.8,HAK,2000,7,1,28,16,,
Germany,30-07-2000,Rubens  Barrichello ,Ferrari,45,25:34.4,BAR,2000,7,1,25,34,,
Hungary,13-08-2000,Mika  Hakkinen ,McLaren Mercedes,77,45:33.9,HAK,2000,8,1,45,34,,
Belgium,27-08-2000,Mika  Hakkinen ,McLaren Mercedes,44,28:14.5,HAK,2000,8,1,28,14,,
Italy,10-09-2000,Michael  Schumacher ,Ferrari,53,27:31.6,MSC,2000,9,1,27,32,,
United States,24-09-2000,Michael  Schumacher ,Ferrari,73,36:30.9,MSC,2000,9,1,36,31,,
Japan,08-10-2000,Michael  Schumacher ,Ferrari,53,29:53.4,MSC,2000,10,1,29,53,,
Malaysia,22-10-2000,Michael  Schumacher ,Ferrari,56,35:54.2,MSC,2000,10,1,35,54,,
Australia,04-03-2001,Michael  Schumacher ,Ferrari,58,38:26.5,MSC,2001,3,1,38,27,,
Malaysia,18-03-2001,Michael  Schumacher ,Ferrari,55,47:34.8,MSC,2001,3,1,47,35,,
Brazil,01-04-2001,David  Coulthard ,McLaren Mercedes,71,39:00.8,COU,2001,4,1,39,1,,
San Marino,15-04-2001,Ralf  Schumacher ,Williams BMW,62,30:44.8,RSC,2001,4,1,30,45,,
Spain,29-04-2001,Michael  Schumacher ,Ferrari,65,31:03.3,MSC,2001,4,1,31,3,,
Austria,13-05-2001,David  Coulthard ,McLaren Mercedes,71,27:45.9,COU,2001,5,1,27,46,,
Monaco,27-05-2001,Michael  Schumacher ,Ferrari,78,47:22.6,MSC,2001,5,1,47,23,,
Canada,10-06-2001,Ralf  Schumacher ,Williams BMW,69,34:31.5,RSC,2001,6,1,34,32,,
Europe,24-06-2001,Michael  Schumacher ,Ferrari,67,29:42.7,MSC,2001,6,1,29,43,,
France,01-07-2001,Michael  Schumacher ,Ferrari,72,33:35.6,MSC,2001,7,1,33,36,,
Great Britain,15-07-2001,Mika  Hakkinen ,McLaren Mercedes,60,25:33.8,HAK,2001,7,1,25,34,,
Germany,29-07-2001,Ralf  Schumacher ,Williams BMW,45,18:17.9,RSC,2001,7,1,18,18,,
Hungary,19-08-2001,Michael  Schumacher ,Ferrari,77,41:49.7,MSC,2001,8,1,41,50,,
Belgium,02-09-2001,Michael  Schumacher ,Ferrari,36,08:05.0,MSC,2001,9,1,8,5,,
Italy,16-09-2001,Juan Pablo  Montoya ,Williams BMW,53,16:58.5,MOY,2001,9,1,16,58,,
United States,30-09-2001,Mika  Hakkinen ,McLaren Mercedes,73,32:42.8,HAK,2001,9,1,32,43,,
Japan,14-10-2001,Michael  Schumacher ,Ferrari,53,27:33.3,MSC,2001,10,1,27,33,,
Australia,03-03-2002,Michael  Schumacher ,Ferrari,58,35:36.8,MSC,2002,3,1,35,37,,
Malaysia,17-03-2002,Ralf  Schumacher ,Williams BMW,56,34:12.9,RSC,2002,3,1,34,13,,
Brazil,31-03-2002,Michael  Schumacher ,Ferrari,71,31:43.7,MSC,2002,3,1,31,44,,
San Marino,14-04-2002,Michael  Schumacher ,Ferrari,62,29:10.8,MSC,2002,4,1,29,11,,
Spain,28-04-2002,Michael  Schumacher ,Ferrari,65,30:30.0,MSC,2002,4,1,30,30,,
Austria,12-05-2002,Michael  Schumacher ,Ferrari,71,33:51.6,MSC,2002,5,1,33,52,,
Monaco,26-05-2002,David  Coulthard ,McLaren Mercedes,78,45:39.1,COU,2002,5,1,45,39,,
Canada,09-06-2002,Michael  Schumacher ,Ferrari,70,33:36.1,MSC,2002,6,1,33,36,,
Europe,23-06-2002,Rubens  Barrichello ,Ferrari,60,35:07.4,BAR,2002,6,1,35,7,,
Great Britain,07-07-2002,Michael  Schumacher ,Ferrari,60,31:45.0,MSC,2002,7,1,31,45,,
France,21-07-2002,Michael  Schumacher ,Ferrari,72,32:09.8,MSC,2002,7,1,32,10,,
Germany,28-07-2002,Michael  Schumacher ,Ferrari,67,27:52.1,MSC,2002,7,1,27,52,,
Hungary,18-08-2002,Rubens  Barrichello ,Ferrari,77,41:49.0,BAR,2002,8,1,41,49,,
Belgium,01-09-2002,Michael  Schumacher ,Ferrari,44,21:20.6,MSC,2002,9,1,21,21,,
Italy,15-09-2002,Rubens  Barrichello ,Ferrari,53,16:20.0,BAR,2002,9,1,16,20,,
United States,29-09-2002,Rubens  Barrichello ,Ferrari,73,31:07.9,BAR,2002,9,1,31,8,,
Japan,13-10-2002,Michael  Schumacher ,Ferrari,53,26:59.7,MSC,2002,10,1,27,0,,
Australia,09-03-2003,David  Coulthard ,McLaren Mercedes,58,34:42.1,COU,2003,3,1,34,42,,
Malaysia,23-03-2003,Kimi  Rikknen ,McLaren Mercedes,56,32:22.2,RAI,2003,3,1,32,22,,
Brazil,06-04-2003,Giancarlo  Fisichella ,Jordan Ford,54,31:17.7,FIS,2003,4,1,31,18,,
San Marino,20-04-2003,Michael  Schumacher ,Ferrari,62,28:12.1,MSC,2003,4,1,28,12,,
Spain,04-05-2003,Michael  Schumacher ,Ferrari,65,33:46.9,MSC,2003,5,1,33,47,,
Austria,18-05-2003,Michael  Schumacher ,Ferrari,69,24:04.9,MSC,2003,5,1,24,5,,
Monaco,01-06-2003,Juan Pablo  Montoya ,Williams BMW,78,42:19.0,MOY,2003,6,1,42,19,,
Canada,15-06-2003,Michael  Schumacher ,Ferrari,70,31:13.6,MSC,2003,6,1,31,14,,
Europe,29-06-2003,Ralf  Schumacher ,Williams BMW,60,34:43.6,RSC,2003,6,1,34,44,,
France,06-07-2003,Ralf  Schumacher ,Williams BMW,70,30:49.2,RSC,2003,7,1,30,49,,
Great Britain,20-07-2003,Rubens  Barrichello ,Ferrari,60,28:37.6,BAR,2003,7,1,28,38,,
Germany,03-08-2003,Juan Pablo  Montoya ,Williams BMW,67,28:48.8,MOY,2003,8,1,28,49,,
Hungary,24-08-2003,Fernando  Alonso ,Renault,70,39:01.5,ALO,2003,8,1,39,1,,
Italy,14-09-2003,Michael  Schumacher ,Ferrari,53,14:19.8,MSC,2003,9,1,14,20,,
United States,28-09-2003,Michael  Schumacher ,Ferrari,73,33:36.0,MSC,2003,9,1,33,36,,
Japan,12-10-2003,Rubens  Barrichello ,Ferrari,53,25:11.7,BAR,2003,10,1,25,12,,
Australia,07-03-2004,Michael  Schumacher ,Ferrari,58,24:15.8,MSC,2004,3,1,24,16,,
Malaysia,21-03-2004,Michael  Schumacher ,Ferrari,56,31:07.5,MSC,2004,3,1,31,7,,
Bahrain,04-04-2004,Michael  Schumacher ,Ferrari,57,28:34.9,MSC,2004,4,1,28,35,,
San Marino,25-04-2004,Michael  Schumacher ,Ferrari,62,26:19.7,MSC,2004,4,1,26,20,,
Spain,09-05-2004,Michael  Schumacher ,Ferrari,66,27:32.8,MSC,2004,5,1,27,33,,
Monaco,23-05-2004,Jarno  Trulli ,Renault,77,45:46.6,TRU,2004,5,1,45,47,,
Europe,30-05-2004,Michael  Schumacher ,Ferrari,60,32:35.1,MSC,2004,5,1,32,35,,
Canada,13-06-2004,Michael  Schumacher ,Ferrari,70,28:24.8,MSC,2004,6,1,28,25,,
United States,20-06-2004,Michael  Schumacher ,Ferrari,73,40:29.9,MSC,2004,6,1,40,30,,
France,04-07-2004,Michael  Schumacher ,Ferrari,70,30:18.1,MSC,2004,7,1,30,18,,
Great Britain,11-07-2004,Michael  Schumacher ,Ferrari,60,24:42.7,MSC,2004,7,1,24,43,,
Germany,25-07-2004,Michael  Schumacher ,Ferrari,66,23:54.8,MSC,2004,7,1,23,55,,
Hungary,15-08-2004,Michael  Schumacher ,Ferrari,70,35:26.1,MSC,2004,8,1,35,26,,
Belgium,29-08-2004,Kimi  Rikknen ,McLaren Mercedes,44,32:35.3,RAI,2004,8,1,32,35,,
Italy,12-09-2004,Rubens  Barrichello ,Ferrari,53,15:18.4,BAR,2004,9,1,15,18,,
China,26-09-2004,Rubens  Barrichello ,Ferrari,56,29:12.4,BAR,2004,9,1,29,12,,
Japan,10-10-2004,Michael  Schumacher ,Ferrari,53,24:27.0,MSC,2004,10,1,24,27,,
Brazil,24-10-2004,Juan Pablo  Montoya ,Williams BMW,71,28:01.5,MOY,2004,10,1,28,1,,
Australia,06-03-2005,Giancarlo  Fisichella ,Renault,57,24:17.3,FIS,2005,3,1,24,17,,
Malaysia,20-03-2005,Fernando  Alonso ,Renault,56,31:33.7,ALO,2005,3,1,31,34,,
Bahrain,03-04-2005,Fernando  Alonso ,Renault,57,29:18.5,ALO,2005,4,1,29,19,,
San Marino,24-04-2005,Fernando  Alonso ,Renault,62,27:41.9,ALO,2005,4,1,27,42,,
Spain,08-05-2005,Kimi  Rikknen ,McLaren Mercedes,66,27:16.8,RAI,2005,5,1,27,17,,
Monaco,22-05-2005,Kimi  Rikknen ,McLaren Mercedes,78,45:15.6,RAI,2005,5,1,45,16,,
Europe,29-05-2005,Fernando  Alonso ,Renault,59,31:46.6,ALO,2005,5,1,31,47,,
Canada,12-06-2005,Kimi  Rikknen ,McLaren Mercedes,70,32:09.3,RAI,2005,6,1,32,9,,
United States,19-06-2005,Michael  Schumacher ,Ferrari,73,29:43.2,MSC,2005,6,1,29,43,,
France,03-07-2005,Fernando  Alonso ,Renault,70,31:22.2,ALO,2005,7,1,31,22,,
Great Britain,10-07-2005,Juan Pablo  Montoya ,McLaren Mercedes,60,24:29.6,MOY,2005,7,1,24,30,,
Germany,24-07-2005,Fernando  Alonso ,Renault,67,26:28.6,ALO,2005,7,1,26,29,,
Hungary,31-07-2005,Kimi  Rikknen ,McLaren Mercedes,70,37:25.6,RAI,2005,7,1,37,26,,
Turkey,21-08-2005,Kimi  Rikknen ,McLaren Mercedes,58,24:34.5,RAI,2005,8,1,24,34,,
Italy,04-09-2005,Juan Pablo  Montoya ,McLaren Mercedes,53,14:28.7,MOY,2005,9,1,14,29,,
Belgium,11-09-2005,Kimi  Rikknen ,McLaren Mercedes,44,30:01.3,RAI,2005,9,1,30,1,,
Brazil,25-09-2005,Juan Pablo  Montoya ,McLaren Mercedes,71,29:20.6,MOY,2005,9,1,29,21,,
Japan,09-10-2005,Kimi  Rikknen ,McLaren Mercedes,53,29:02.2,RAI,2005,10,1,29,2,,
China,16-10-2005,Fernando  Alonso ,Renault,56,39:53.6,ALO,2005,10,1,39,54,,
Bahrain,12-03-2006,Fernando  Alonso ,Renault,57,29:46.2,ALO,2006,3,1,29,46,,
Malaysia,19-03-2006,Giancarlo  Fisichella ,Renault,56,30:40.5,FIS,2006,3,1,30,41,,
Australia,02-04-2006,Fernando  Alonso ,Renault,57,34:27.9,ALO,2006,4,1,34,28,,
San Marino,23-04-2006,Michael  Schumacher ,Ferrari,62,31:06.5,MSC,2006,4,1,31,6,,
Europe,07-05-2006,Michael  Schumacher ,Ferrari,60,35:58.8,MSC,2006,5,1,35,59,,
Spain,14-05-2006,Fernando  Alonso ,Renault,66,26:21.8,ALO,2006,5,1,26,22,,
Monaco,28-05-2006,Fernando  Alonso ,Renault,78,43:43.1,ALO,2006,5,1,43,43,,
Great Britain,11-06-2006,Fernando  Alonso ,Renault,60,25:51.9,ALO,2006,6,1,25,52,,
Canada,25-06-2006,Fernando  Alonso ,Renault,70,34:37.3,ALO,2006,6,1,34,37,,
United States,02-07-2006,Michael  Schumacher ,Ferrari,73,34:35.2,MSC,2006,7,1,34,35,,
France,16-07-2006,Michael  Schumacher ,Ferrari,70,32:07.8,MSC,2006,7,1,32,8,,
Germany,30-07-2006,Michael  Schumacher ,Ferrari,67,27:51.7,MSC,2006,7,1,27,52,,
Hungary,06-08-2006,Jenson  Button ,Honda,70,52:20.9,BUT,2006,8,1,52,21,,
Turkey,27-08-2006,Felipe  Massa ,Ferrari,58,28:51.1,MAS,2006,8,1,28,51,,
Italy,10-09-2006,Michael  Schumacher ,Ferrari,53,14:52.0,MSC,2006,9,1,14,52,,
China,01-10-2006,Michael  Schumacher ,Ferrari,56,37:32.7,MSC,2006,10,1,37,33,,
Japan,08-10-2006,Fernando  Alonso ,Renault,53,23:53.4,ALO,2006,10,1,23,53,,
Brazil,22-10-2006,Felipe  Massa ,Ferrari,71,31:53.8,MAS,2006,10,1,31,54,,
Australia,18-03-2007,Kimi  Rikknen ,Ferrari,58,25:28.8,RAI,2007,3,1,25,29,,
Malaysia,08-04-2007,Fernando  Alonso ,McLaren Mercedes,56,32:14.9,ALO,2007,4,1,32,15,,
Bahrain,15-04-2007,Felipe  Massa ,Ferrari,57,33:27.5,MAS,2007,4,1,33,28,,
Spain,13-05-2007,Felipe  Massa ,Ferrari,65,31:36.2,MAS,2007,5,1,31,36,,
Monaco,27-05-2007,Fernando  Alonso ,McLaren Mercedes,78,40:29.3,ALO,2007,5,1,40,29,,
Canada,10-06-2007,Lewis  Hamilton ,McLaren Mercedes,70,44:11.3,HAM,2007,6,1,44,11,,
United States,17-06-2007,Lewis  Hamilton ,McLaren Mercedes,73,31:10.0,HAM,2007,6,1,31,10,,
France,01-07-2007,Kimi  Rikknen ,Ferrari,70,30:54.2,RAI,2007,7,1,30,54,,
Great Britain,08-07-2007,Kimi  Rikknen ,Ferrari,59,21:43.1,RAI,2007,7,1,21,43,,
Europe,22-07-2007,Fernando  Alonso ,McLaren Mercedes,60,06:26.4,ALO,2007,7,2,6,26,,
Hungary,05-08-2007,Lewis  Hamilton ,McLaren Mercedes,70,35:53.0,HAM,2007,8,1,35,53,,
Turkey,26-08-2007,Felipe  Massa ,Ferrari,58,26:42.2,MAS,2007,8,1,26,42,,
Italy,09-09-2007,Fernando  Alonso ,McLaren Mercedes,53,18:37.8,ALO,2007,9,1,18,38,,
Belgium,16-09-2007,Kimi  Rikknen ,Ferrari,44,20:39.1,RAI,2007,9,1,20,39,,
Japan,30-09-2007,Lewis  Hamilton ,McLaren Mercedes,67,00:34.6,HAM,2007,9,2,0,35,,
China,07-10-2007,Kimi  Rikknen ,Ferrari,56,37:58.4,RAI,2007,10,1,37,58,,
Brazil,21-10-2007,Kimi  Rikknen ,Ferrari,71,28:15.3,RAI,2007,10,1,28,15,,
Australia,16-03-2008,Lewis  Hamilton ,McLaren Mercedes,58,34:50.6,HAM,2008,3,1,34,51,,
Malaysia,23-03-2008,Kimi  Rikknen ,Ferrari,56,31:18.6,RAI,2008,3,1,31,19,,
Bahrain,06-04-2008,Felipe  Massa ,Ferrari,57,31:07.0,MAS,2008,4,1,31,7,,
Spain,27-04-2008,Kimi  Rikknen ,Ferrari,66,38:19.1,RAI,2008,4,1,38,19,,
Turkey,11-05-2008,Felipe  Massa ,Ferrari,58,26:49.5,MAS,2008,5,1,26,49,,
Monaco,25-05-2008,Lewis  Hamilton ,McLaren Mercedes,76,00:42.7,HAM,2008,5,2,0,43,,
Canada,08-06-2008,Robert  Kubica ,Sauber BMW,70,36:24.4,KUB,2008,6,1,36,24,,
France,22-06-2008,Felipe  Massa ,Ferrari,70,31:50.2,MAS,2008,6,1,31,50,,
Great Britain,06-07-2008,Lewis  Hamilton ,McLaren Mercedes,60,39:09.4,HAM,2008,7,1,39,9,,
Germany,20-07-2008,Lewis  Hamilton ,McLaren Mercedes,67,31:20.9,HAM,2008,7,1,31,21,,
Hungary,03-08-2008,Heikki  Kovalainen ,McLaren Mercedes,70,37:27.1,KOV,2008,8,1,37,27,,
Europe,24-08-2008,Felipe  Massa ,Ferrari,57,35:32.3,MAS,2008,8,1,35,32,,
Belgium,07-09-2008,Felipe  Massa ,Ferrari,44,22:59.4,MAS,2008,9,1,22,59,,
Italy,14-09-2008,Sebastian  Vettel ,STR Ferrari,53,26:47.5,VET,2008,9,1,26,47,,
Singapore,28-09-2008,Fernando  Alonso ,Renault,61,57:16.3,ALO,2008,9,1,57,16,,
Japan,12-10-2008,Fernando  Alonso ,Renault,67,30:21.9,ALO,2008,10,1,30,22,,
China,19-10-2008,Lewis  Hamilton ,McLaren Mercedes,56,31:57.4,HAM,2008,10,1,31,57,,
Brazil,02-11-2008,Felipe  Massa ,Ferrari,71,34:11.4,MAS,2008,11,1,34,11,,
Australia,29-03-2009,Jenson  Button ,Brawn Mercedes,58,34:15.8,BUT,2009,3,1,34,16,,
Malaysia,05-04-2009,Jenson  Button ,Brawn Mercedes,31,55:30.6,BUT,2009,4,0,55,31,,
China,19-04-2009,Sebastian  Vettel ,RBR Renault,56,57:43.5,VET,2009,4,1,57,43,,
Bahrain,26-04-2009,Jenson  Button ,Brawn Mercedes,57,31:48.2,BUT,2009,4,1,31,48,,
Spain,10-05-2009,Jenson  Button ,Brawn Mercedes,66,37:19.2,BUT,2009,5,1,37,19,,
Monaco,24-05-2009,Jenson  Button ,Brawn Mercedes,78,40:44.3,BUT,2009,5,1,40,44,,
Turkey,07-06-2009,Jenson  Button ,Brawn Mercedes,58,26:24.8,BUT,2009,6,1,26,25,,
Great Britain,21-06-2009,Sebastian  Vettel ,RBR Renault,60,22:49.3,VET,2009,6,1,22,49,,
Germany,12-07-2009,Mark  Webber ,RBR Renault,60,36:43.3,WEB,2009,7,1,36,43,,
Hungary,26-07-2009,Lewis  Hamilton ,McLaren Mercedes,70,38:23.9,HAM,2009,7,1,38,24,,
Europe,23-08-2009,Rubens  Barrichello ,Brawn Mercedes,57,35:51.3,BAR,2009,8,1,35,51,,
Belgium,30-08-2009,Kimi  Rikknen ,Ferrari,44,23:51.0,RAI,2009,8,1,23,51,,
Italy,13-09-2009,Rubens  Barrichello ,Brawn Mercedes,53,16:21.7,BAR,2009,9,1,16,22,,
Singapore,27-09-2009,Lewis  Hamilton ,McLaren Mercedes,61,56:06.3,HAM,2009,9,1,56,6,,
Japan,04-10-2009,Sebastian  Vettel ,RBR Renault,53,28:20.4,VET,2009,10,1,28,20,,
Brazil,18-10-2009,Mark  Webber ,RBR Renault,71,32:23.1,WEB,2009,10,1,32,23,,
Abu Dhabi,01-11-2009,Sebastian  Vettel ,RBR Renault,55,34:03.4,VET,2009,11,1,34,3,,
Bahrain,14-03-2010,Fernando  Alonso ,Ferrari,49,39:20.4,ALO,2010,3,1,39,20,,
Australia,28-03-2010,Jenson  Button ,McLaren Mercedes,58,33:36.5,BUT,2010,3,1,33,37,,
Malaysia,04-04-2010,Sebastian  Vettel ,RBR Renault,56,33:48.4,VET,2010,4,1,33,48,,
China,18-04-2010,Jenson  Button ,McLaren Mercedes,56,46:42.2,BUT,2010,4,1,46,42,,
Spain,09-05-2010,Mark  Webber ,RBR Renault,66,35:44.1,WEB,2010,5,1,35,44,,
Monaco,16-05-2010,Mark  Webber ,RBR Renault,78,50:13.4,WEB,2010,5,1,50,13,,
Turkey,30-05-2010,Lewis  Hamilton ,McLaren Mercedes,58,28:47.6,HAM,2010,5,1,28,48,,
Canada,13-06-2010,Lewis  Hamilton ,McLaren Mercedes,70,33:53.5,HAM,2010,6,1,33,53,,
Europe,27-06-2010,Sebastian  Vettel ,RBR Renault,57,40:29.6,VET,2010,6,1,40,30,,
Great Britain,11-07-2010,Mark  Webber ,RBR Renault,52,24:38.2,WEB,2010,7,1,24,38,,
Germany,25-07-2010,Fernando  Alonso ,Ferrari,67,27:38.9,ALO,2010,7,1,27,39,,
Hungary,01-08-2010,Mark  Webber ,RBR Renault,70,41:05.6,WEB,2010,8,1,41,6,,
Belgium,29-08-2010,Lewis  Hamilton ,McLaren Mercedes,44,29:04.3,HAM,2010,8,1,29,4,,
Italy,12-09-2010,Fernando  Alonso ,Ferrari,53,16:24.6,ALO,2010,9,1,16,25,,
Singapore,26-09-2010,Fernando  Alonso ,Ferrari,61,57:53.6,ALO,2010,9,1,57,54,,
Japan,10-10-2010,Sebastian  Vettel ,RBR Renault,53,30:27.3,VET,2010,10,1,30,27,,
South Korea,24-10-2010,Fernando  Alonso ,Ferrari,55,48:20.8,ALO,2010,10,2,48,21,,
Brazil,07-11-2010,Sebastian  Vettel ,RBR Renault,71,33:11.8,VET,2010,11,1,33,12,,
Abu Dhabi,14-11-2010,Sebastian  Vettel ,RBR Renault,55,39:36.8,VET,2010,11,1,39,37,,
Australia,27-03-2011,Sebastian  Vettel ,Red Bull Racing Renault,58,29:30.3,VET,2011,3,1,29,30,,
Malaysia,10-04-2011,Sebastian  Vettel ,Red Bull Racing Renault,56,37:39.8,VET,2011,4,1,37,40,,
China,17-04-2011,Lewis  Hamilton ,McLaren Mercedes,56,36:58.2,HAM,2011,4,1,36,58,,
Turkey,08-05-2011,Sebastian  Vettel ,Red Bull Racing Renault,58,30:17.6,VET,2011,5,1,30,18,,
Spain,22-05-2011,Sebastian  Vettel ,Red Bull Racing Renault,66,39:03.3,VET,2011,5,1,39,3,,
Monaco,29-05-2011,Sebastian  Vettel ,Red Bull Racing Renault,78,09:38.4,VET,2011,5,2,9,38,,
Canada,12-06-2011,Jenson  Button ,McLaren Mercedes,70,04:39.5,BUT,2011,6,4,4,40,,
Europe,26-06-2011,Sebastian  Vettel ,Red Bull Racing Renault,57,39:36.2,VET,2011,6,1,39,36,,
Great Britain,10-07-2011,Fernando  Alonso ,Ferrari,52,28:41.2,ALO,2011,7,1,28,41,,
Germany,24-07-2011,Lewis  Hamilton ,McLaren Mercedes,60,37:30.3,HAM,2011,7,1,37,30,,
Hungary,31-07-2011,Jenson  Button ,McLaren Mercedes,70,46:42.3,BUT,2011,7,1,46,42,,
Belgium,28-08-2011,Sebastian  Vettel ,Red Bull Racing Renault,44,26:44.9,VET,2011,8,1,26,45,,
Italy,11-09-2011,Sebastian  Vettel ,Red Bull Racing Renault,53,20:46.2,VET,2011,9,1,20,46,,
Singapore,25-09-2011,Sebastian  Vettel ,Red Bull Racing Renault,61,59:06.8,VET,2011,9,1,59,7,,
Japan,09-10-2011,Jenson  Button ,McLaren Mercedes,53,30:53.4,BUT,2011,10,1,30,53,,
South Korea,16-10-2011,Sebastian  Vettel ,Red Bull Racing Renault,55,38:02.0,VET,2011,10,1,38,2,,
India,30-10-2011,Sebastian  Vettel ,Red Bull Racing Renault,60,30:35.0,VET,2011,10,1,30,35,,
Abu Dhabi,13-11-2011,Lewis  Hamilton ,McLaren Mercedes,55,37:11.9,HAM,2011,11,1,37,12,,
Brazil,27-11-2011,Mark  Webber ,Red Bull Racing Renault,71,32:17.5,WEB,2011,11,1,32,17,,
Australia,18-03-2012,Jenson  Button ,McLaren Mercedes,58,34:09.6,BUT,2012,3,1,34,10,,
Malaysia,25-03-2012,Fernando  Alonso ,Ferrari,56,44:51.8,ALO,2012,3,2,44,52,,
China,15-04-2012,Nico  Rosberg ,Mercedes,56,36:26.9,ROS,2012,4,1,36,27,,
Bahrain,22-04-2012,Sebastian  Vettel ,Red Bull Racing Renault,57,35:11.0,VET,2012,4,1,35,11,,
Spain,13-05-2012,Pastor  Maldonado ,Williams Renault,66,39:09.1,MAL,2012,5,1,39,9,,
Monaco,27-05-2012,Mark  Webber ,Red Bull Racing Renault,78,46:06.6,WEB,2012,5,1,46,7,,
Canada,10-06-2012,Lewis  Hamilton ,McLaren Mercedes,70,32:29.6,HAM,2012,6,1,32,30,,
Europe,24-06-2012,Fernando  Alonso ,Ferrari,57,44:16.6,ALO,2012,6,1,44,17,,
Great Britain,08-07-2012,Mark  Webber ,Red Bull Racing Renault,52,25:11.3,WEB,2012,7,1,25,11,,
Germany,22-07-2012,Fernando  Alonso ,Ferrari,67,31:05.9,ALO,2012,7,1,31,6,,
Hungary,29-07-2012,Lewis  Hamilton ,McLaren Mercedes,69,41:05.5,HAM,2012,7,1,41,6,,
Belgium,02-09-2012,Jenson  Button ,McLaren Mercedes,44,29:08.5,BUT,2012,9,1,29,9,,
Italy,09-09-2012,Lewis  Hamilton ,McLaren Mercedes,53,19:41.2,HAM,2012,9,1,19,41,,
Singapore,23-09-2012,Sebastian  Vettel ,Red Bull Racing Renault,59,00:26.1,VET,2012,9,2,0,26,,
Japan,07-10-2012,Sebastian  Vettel ,Red Bull Racing Renault,53,28:56.2,VET,2012,10,1,28,56,,
South Korea,14-10-2012,Sebastian  Vettel ,Red Bull Racing Renault,55,36:28.7,VET,2012,10,1,36,29,,
India,28-10-2012,Sebastian  Vettel ,Red Bull Racing Renault,60,31:10.7,VET,2012,10,1,31,11,,
Abu Dhabi,04-11-2012,Kimi  Rikknen ,Lotus Renault,55,45:58.7,RAI,2012,11,1,45,59,,
United States,18-11-2012,Lewis  Hamilton ,McLaren Mercedes,56,35:55.3,HAM,2012,11,1,35,55,,
Brazil,25-11-2012,Jenson  Button ,McLaren Mercedes,71,45:22.7,BUT,2012,11,1,45,23,,
Australia,17-03-2013,Kimi  Rikknen ,Lotus Renault,58,30:03.2,RAI,2013,3,1,30,3,,
Malaysia,24-03-2013,Sebastian  Vettel ,Red Bull Racing Renault,56,38:56.7,VET,2013,3,1,38,57,,
China,14-04-2013,Fernando  Alonso ,Ferrari,56,36:26.9,ALO,2013,4,1,36,27,,
Bahrain,21-04-2013,Sebastian  Vettel ,Red Bull Racing Renault,57,36:00.5,VET,2013,4,1,36,0,,
Spain,12-05-2013,Fernando  Alonso ,Ferrari,66,39:16.6,ALO,2013,5,1,39,17,,
Monaco,26-05-2013,Nico  Rosberg ,Mercedes,78,17:52.1,ROS,2013,5,2,17,52,,
Canada,09-06-2013,Sebastian  Vettel ,Red Bull Racing Renault,70,32:09.1,VET,2013,6,1,32,9,,
Great Britain,30-06-2013,Nico  Rosberg ,Mercedes,52,32:59.5,ROS,2013,6,1,32,59,,
Germany,07-07-2013,Sebastian  Vettel ,Red Bull Racing Renault,60,41:14.7,VET,2013,7,1,41,15,,
Hungary,28-07-2013,Lewis  Hamilton ,Mercedes,70,42:29.4,HAM,2013,7,1,42,29,,
Belgium,25-08-2013,Sebastian  Vettel ,Red Bull Racing Renault,44,23:42.2,VET,2013,8,1,23,42,,
Italy,08-09-2013,Sebastian  Vettel ,Red Bull Racing Renault,53,18:33.4,VET,2013,9,1,18,33,,
Singapore,22-09-2013,Sebastian  Vettel ,Red Bull Racing Renault,61,59:13.1,VET,2013,9,1,59,13,,
South Korea,06-10-2013,Sebastian  Vettel ,Red Bull Racing Renault,55,43:13.7,VET,2013,10,1,43,14,,
Japan,13-10-2013,Sebastian  Vettel ,Red Bull Racing Renault,53,26:49.3,VET,2013,10,1,26,49,,
India,27-10-2013,Sebastian  Vettel ,Red Bull Racing Renault,60,31:12.2,VET,2013,10,1,31,12,,
Abu Dhabi,03-11-2013,Sebastian  Vettel ,Red Bull Racing Renault,55,38:06.1,VET,2013,11,1,38,6,,
United States,17-11-2013,Sebastian  Vettel ,Red Bull Racing Renault,56,39:17.1,VET,2013,11,1,39,17,,
Brazil,24-11-2013,Sebastian  Vettel ,Red Bull Racing Renault,71,32:36.3,VET,2013,11,1,32,36,,
Australia,16-03-2014,Nico  Rosberg ,Mercedes,57,32:58.7,ROS,2014,3,1,32,59,,
Malaysia,30-03-2014,Lewis  Hamilton ,Mercedes,56,40:26.0,HAM,2014,3,1,40,26,,
Bahrain,06-04-2014,Lewis  Hamilton ,Mercedes,57,39:42.7,HAM,2014,4,1,39,43,,
China,20-04-2014,Lewis  Hamilton ,Mercedes,54,33:28.3,HAM,2014,4,1,33,28,,
Spain,11-05-2014,Lewis  Hamilton ,Mercedes,66,41:05.2,HAM,2014,5,1,41,5,,
Monaco,25-05-2014,Nico  Rosberg ,Mercedes,78,49:27.7,ROS,2014,5,1,49,28,,
Canada,08-06-2014,Daniel  Ricciardo ,Red Bull Racing Renault,70,39:12.8,RIC,2014,6,1,39,13,,
Austria,22-06-2014,Nico  Rosberg ,Mercedes,71,27:55.0,ROS,2014,6,1,27,55,,
Great Britain,06-07-2014,Lewis  Hamilton ,Mercedes,52,26:52.1,HAM,2014,7,2,26,52,,
Germany,20-07-2014,Nico  Rosberg ,Mercedes,67,33:42.9,ROS,2014,7,1,33,43,,
Hungary,27-07-2014,Daniel  Ricciardo ,Red Bull Racing Renault,70,53:05.1,RIC,2014,7,1,53,5,,
Belgium,24-08-2014,Daniel  Ricciardo ,Red Bull Racing Renault,44,24:36.6,RIC,2014,8,1,24,37,,
Italy,07-09-2014,Lewis  Hamilton ,Mercedes,53,19:10.2,HAM,2014,9,1,19,10,,
Singapore,21-09-2014,Lewis  Hamilton ,Mercedes,60,00:04.8,HAM,2014,9,2,0,5,,
Japan,05-10-2014,Lewis  Hamilton ,Mercedes,44,51:43.0,HAM,2014,10,1,51,43,,
Russia,21-10-2014,Lewis  Hamilton ,Mercedes,53,31:50.7,HAM,2014,10,1,31,51,,
United States,02-11-2014,Lewis  Hamilton ,Mercedes,56,40:04.8,HAM,2014,11,1,40,5,,
Brazil,09-11-2014,Nico  Rosberg ,Mercedes,71,30:02.6,ROS,2014,11,1,30,3,,
Abu Dhabi,23-11-2014,Lewis  Hamilton ,Mercedes,55,39:02.6,HAM,2014,11,1,39,3,,
Australia,15-03-2015,Lewis  Hamilton ,Mercedes,58,31:54.1,HAM,2015,3,1,31,54,,
Malaysia,29-03-2015,Sebastian  Vettel ,Ferrari,56,41:05.8,VET,2015,3,1,41,6,,
China,12-04-2015,Lewis  Hamilton ,Mercedes,56,39:42.0,HAM,2015,4,1,39,42,,
Bahrain,19-04-2015,Lewis  Hamilton ,Mercedes,57,35:05.8,HAM,2015,4,1,35,6,,
Spain,10-05-2015,Nico  Rosberg ,Mercedes,66,41:12.6,ROS,2015,5,1,41,13,,
Monaco,24-05-2015,Nico  Rosberg ,Mercedes,78,49:18.4,ROS,2015,5,1,49,18,,
Canada,07-06-2015,Lewis  Hamilton ,Mercedes,70,31:53.1,HAM,2015,6,1,31,53,,
Austria,21-06-2015,Nico  Rosberg ,Mercedes,71,30:16.9,ROS,2015,6,1,30,17,,
Great Britain,05-07-2015,Lewis  Hamilton ,Mercedes,52,31:27.7,HAM,2015,7,1,31,28,,
Hungary,26-07-2015,Sebastian  Vettel ,Ferrari,69,46:10.0,VET,2015,7,1,46,10,,
Belgium,23-08-2015,Lewis  Hamilton ,Mercedes,43,23:40.4,HAM,2015,8,1,23,40,,
Italy,06-09-2015,Lewis  Hamilton ,Mercedes,53,18:00.7,HAM,2015,9,1,18,1,,
Singapore,20-09-2015,Sebastian  Vettel ,Ferrari,61,01:22.1,VET,2015,9,2,1,22,,
Japan,27-09-2015,Lewis  Hamilton ,Mercedes,53,28:06.5,HAM,2015,9,1,28,7,,
Russia,11-10-2015,Lewis  Hamilton ,Mercedes,53,37:11.0,HAM,2015,10,1,37,11,,
United States,25-10-2015,Lewis  Hamilton ,Mercedes,56,50:52.7,HAM,2015,10,1,50,53,,
Mexico,01-11-2015,Nico  Rosberg ,Mercedes,71,42:35.0,ROS,2015,11,1,42,35,,
Brazil,15-11-2015,Nico  Rosberg ,Mercedes,71,31:09.1,ROS,2015,11,1,31,9,,
Abu Dhabi,29-11-2015,Nico  Rosberg ,Mercedes,55,38:30.2,ROS,2015,11,1,38,30,,
Australia,20-03-2016,Nico  Rosberg ,Mercedes,57,48:15.6,ROS,2016,3,1,48,16,,
Bahrain,03-04-2016,Nico  Rosberg ,Mercedes,57,33:34.7,ROS,2016,4,1,33,35,,
China,17-04-2016,Nico  Rosberg ,Mercedes,56,38:53.9,ROS,2016,4,1,38,54,,
Russia,01-05-2016,Nico  Rosberg ,Mercedes,53,32:42.0,ROS,2016,5,1,32,42,,
Spain,15-05-2016,Max  Verstappen ,Red Bull Racing TAG Heuer,66,41:40.0,VES,2016,5,1,41,40,,
Monaco,29-05-2016,Lewis  Hamilton ,Mercedes,78,59:29.1,HAM,2016,5,1,59,29,,
Canada,12-06-2016,Lewis  Hamilton ,Mercedes,70,31:05.3,HAM,2016,6,1,31,5,,
Europe,19-06-2016,Nico  Rosberg ,Mercedes,51,32:52.4,ROS,2016,6,1,32,52,,
Austria,03-07-2016,Lewis  Hamilton ,Mercedes,71,27:38.1,HAM,2016,7,1,27,38,,
Great Britain,10-07-2016,Lewis  Hamilton ,Mercedes,52,34:55.8,HAM,2016,7,1,34,56,,
Hungary,24-07-2016,Lewis  Hamilton ,Mercedes,70,40:30.1,HAM,2016,7,1,40,30,,
Germany,31-07-2016,Lewis  Hamilton ,Mercedes,67,30:44.2,HAM,2016,7,1,30,44,,
Belgium,28-08-2016,Nico  Rosberg ,Mercedes,44,44:51.1,ROS,2016,8,1,44,51,,
Italy,04-09-2016,Nico  Rosberg ,Mercedes,53,17:28.1,ROS,2016,9,1,17,28,,
Singapore,18-09-2016,Nico  Rosberg ,Mercedes,61,55:49.0,ROS,2016,9,1,55,49,,
Malaysia,02-10-2016,Daniel  Ricciardo ,Red Bull Racing TAG Heuer,56,37:12.8,RIC,2016,10,1,37,13,,
Japan,09-10-2016,Nico  Rosberg ,Mercedes,53,26:43.3,ROS,2016,10,1,26,43,,
United States,23-10-2016,Lewis  Hamilton ,Mercedes,56,38:12.6,HAM,2016,10,1,38,13,,
Mexico,30-10-2016,Lewis  Hamilton ,Mercedes,71,40:31.4,HAM,2016,10,1,40,31,,
Brazil,13-11-2016,Lewis  Hamilton ,Mercedes,71,01:01.3,HAM,2016,11,3,1,1,,
Abu Dhabi,27-11-2016,Lewis  Hamilton ,Mercedes,55,38:04.0,HAM,2016,11,1,38,4,,
Australia,26-03-2017,Sebastian  Vettel ,Ferrari,57,24:11.7,VET,2017,3,1,24,12,,
China,09-04-2017,Lewis  Hamilton ,Mercedes,56,37:36.2,HAM,2017,4,1,37,36,,
Bahrain,16-04-2017,Sebastian  Vettel ,Ferrari,57,33:53.4,VET,2017,4,1,33,53,,
Russia,30-04-2017,Valtteri Bottas ,Mercedes,52,28:08.7,BOT,2017,4,1,28,9,,
Spain,14-05-2017,Lewis  Hamilton ,Mercedes,66,35:56.5,HAM,2017,5,1,35,56,,
Monaco,28-05-2017,Sebastian  Vettel ,Ferrari,78,44:44.3,VET,2017,5,1,44,44,,
Canada,11-06-2017,Lewis  Hamilton ,Mercedes,70,33:05.2,HAM,2017,6,1,33,5,,
Azerbaijan,25-06-2017,Daniel  Ricciardo ,Red Bull Racing TAG Heuer,51,03:55.6,RIC,2017,6,2,3,56,,
Austria,09-07-2017,Valtteri Bottas ,Mercedes,71,21:48.5,BOT,2017,7,1,21,49,,
Great Britain,16-07-2017,Lewis  Hamilton ,Mercedes,51,21:27.4,HAM,2017,7,1,21,27,,
Hungary,30-07-2017,Sebastian  Vettel ,Ferrari,70,39:46.7,VET,2017,7,1,39,47,,
Belgium,27-08-2017,Lewis  Hamilton ,Mercedes,44,24:42.8,HAM,2017,8,1,24,43,,
Italy,03-09-2017,Lewis  Hamilton ,Mercedes,53,15:32.3,HAM,2017,9,1,15,32,,
Singapore,17-09-2017,Lewis  Hamilton ,Mercedes,58,03:23.5,HAM,2017,9,2,3,24,,
Malaysia,01-10-2017,Max  Verstappen ,Red Bull Racing TAG Heuer,56,30:01.3,VER,2017,10,1,30,1,,
Japan,08-10-2017,Lewis  Hamilton ,Mercedes,53,27:31.2,HAM,2017,10,1,27,31,,
United States,22-10-2017,Lewis  Hamilton ,Mercedes,56,33:51.0,HAM,2017,10,1,33,51,,
Mexico,29-10-2017,Max  Verstappen ,Red Bull Racing TAG Heuer,71,36:26.6,VER,2017,10,1,36,27,,
Brazil,12-11-2017,Sebastian  Vettel ,Ferrari,71,31:26.3,VET,2017,11,1,31,26,,
Abu Dhabi,26-11-2017,Valtteri Bottas ,Mercedes,55,34:14.1,BOT,2017,11,1,34,14,,
Australia,25-03-2018,Sebastian  Vettel ,Ferrari,58,29:33.3,VET,2018,3,1,29,33,,
Bahrain,08-04-2018,Sebastian  Vettel ,Ferrari,57,32:01.9,VET,2018,4,1,32,2,,
China,15-04-2018,Daniel  Ricciardo ,Red Bull Racing TAG Heuer,56,35:36.4,RIC,2018,4,1,35,36,,
Azerbaijan,29-04-2018,Lewis  Hamilton ,Mercedes,51,43:44.3,HAM,2018,4,1,43,44,,
Spain,13-05-2018,Lewis  Hamilton ,Mercedes,66,35:30.0,HAM,2018,5,1,35,30,,
Monaco,27-05-2018,Daniel  Ricciardo ,Red Bull Racing TAG Heuer,78,42:54.8,RIC,2018,5,1,42,55,,
Canada,10-06-2018,Sebastian  Vettel ,Ferrari,68,28:31.4,VET,2018,6,1,28,31,,
France,24-06-2018,Lewis  Hamilton ,Mercedes,53,30:11.4,HAM,2018,6,1,30,11,,
Austria,01-07-2018,Max  Verstappen ,Red Bull Racing TAG Heuer,71,21:56.0,VER,2018,7,1,21,56,,
Great Britain,08-07-2018,Sebastian  Vettel ,Ferrari,52,27:29.8,VET,2018,7,1,27,30,,
Germany,22-07-2018,Lewis  Hamilton ,Mercedes,67,32:29.8,HAM,2018,7,1,32,30,,
Hungary,29-07-2018,Lewis  Hamilton ,Mercedes,70,37:16.4,HAM,2018,7,1,37,16,,
Belgium,26-08-2018,Sebastian  Vettel ,Ferrari,44,23:34.5,VET,2018,8,1,23,34,,
Italy,02-09-2018,Lewis  Hamilton ,Mercedes,53,16:54.5,HAM,2018,9,1,16,54,,
Singapore,16-09-2018,Lewis  Hamilton ,Mercedes,61,51:11.6,HAM,2018,9,1,51,12,,
Russia,30-09-2018,Lewis  Hamilton ,Mercedes,53,27:25.2,HAM,2018,9,1,27,25,,
Japan,07-10-2018,Lewis  Hamilton ,Mercedes,53,27:17.1,HAM,2018,10,1,27,17,,
United States,21-10-2018,Kimi  Rikknen ,Ferrari,56,34:18.6,RAI,2018,10,1,34,19,,
Mexico,28-10-2018,Max  Verstappen ,Red Bull Racing TAG Heuer,71,38:28.9,VER,2018,10,1,38,29,,
Brazil,11-11-2018,Lewis  Hamilton ,Mercedes,71,27:09.1,HAM,2018,11,1,27,9,,
Abu Dhabi,25-11-2018,Lewis  Hamilton ,Mercedes,55,39:40.4,HAM,2018,11,1,39,40,,
Australia,17-03-2019,Valtteri  Bottas ,Mercedes,58,25:27.3,BOT,2019,3,1,25,27,,
Bahrain,31-03-2019,Lewis  Hamilton ,Mercedes,57,34:21.3,HAM,2019,3,1,34,21,,
China,14-04-2019,Lewis  Hamilton ,Mercedes,56,32:06.4,HAM,2019,4,1,32,6,,
Azerbaijan,28-04-2019,Valtteri  Bottas ,Mercedes,51,31:52.9,BOT,2019,4,1,31,53,,
Spain,12-05-2019,Lewis  Hamilton ,Mercedes,66,35:50.4,HAM,2019,5,1,35,50,,
Monaco,26-05-2019,Lewis  Hamilton ,Mercedes,78,43:28.4,HAM,2019,5,1,43,28,,
Canada,09-06-2019,Lewis  Hamilton ,Mercedes,70,29:07.1,HAM,2019,6,1,29,7,,
France,23-06-2019,Lewis  Hamilton ,Mercedes,53,24:31.2,HAM,2019,6,1,24,31,,
Austria,30-06-2019,Max  Verstappen ,Red Bull Racing Honda,71,22:01.8,VER,2019,6,1,22,2,,
Great Britain,14-07-2019,Lewis  Hamilton ,Mercedes,52,21:08.5,HAM,2019,7,1,21,8,,
Germany,28-07-2019,Max  Verstappen ,Red Bull Racing Honda,64,44:31.3,VER,2019,7,1,44,31,,
Hungary,04-08-2019,Lewis  Hamilton ,Mercedes,70,35:03.8,HAM,2019,8,1,35,4,,
Belgium,01-09-2019,Charles  Leclerc ,Ferrari,44,23:45.7,LEC,2019,9,1,23,46,,
Italy,08-09-2019,Charles  Leclerc ,Ferrari,53,15:26.7,LEC,2019,9,1,15,27,,
Singapore,22-09-2019,Sebastian  Vettel ,Ferrari,61,58:33.7,VET,2019,9,1,58,34,,
Russia,29-09-2019,Lewis  Hamilton ,Mercedes,53,33:39.0,HAM,2019,9,1,33,39,,
Japan,13-10-2019,Valtteri  Bottas ,Mercedes,52,21:46.8,BOT,2019,10,1,21,47,,
Mexico,27-10-2019,Lewis  Hamilton ,Mercedes,71,36:48.9,HAM,2019,10,1,36,49,,
United States,03-11-2019,Valtteri  Bottas ,Mercedes,56,33:55.7,BOT,2019,11,1,33,56,,
Brazil,17-11-2019,Max  Verstappen ,Red Bull Racing Honda,71,33:14.7,VER,2019,11,1,33,15,,
Abu Dhabi,01-12-2019,Lewis  Hamilton ,Mercedes,55,34:05.7,HAM,2019,12,1,34,6,,
Austria,05-07-2020,Valtteri  Bottas ,Mercedes,71,30:55.7,BOT,2020,7,1,30,56,,
Styria,12-07-2020,Lewis  Hamilton ,Mercedes,71,22:50.7,HAM,2020,7,1,22,51,,
Hungary,19-07-2020,Lewis  Hamilton ,Mercedes,70,36:12.5,HAM,2020,7,1,36,12,,
Great Britain,02-08-2020,Lewis  Hamilton ,Mercedes,52,28:01.3,HAM,2020,8,1,28,1,,
70th Anniversary,09-08-2020,Max  Verstappen ,Red Bull Racing Honda,52,19:42.0,VER,2020,8,1,19,42,,
Spain,16-08-2020,Lewis  Hamilton ,Mercedes,66,31:45.3,HAM,2020,8,1,31,45,,
Belgium,30-08-2020,Lewis  Hamilton ,Mercedes,44,24:08.8,HAM,2020,8,1,24,9,,
Italy,06-09-2020,Pierre  Gasly ,AlphaTauri Honda,53,47:06.1,GAS,2020,9,1,47,6,,
Tuscany,13-09-2020,Lewis  Hamilton ,Mercedes,59,19:35.1,HAM,2020,9,2,19,35,,
Russia,27-09-2020,Valtteri  Bottas ,Mercedes,53,34:00.4,BOT,2020,9,1,34,0,,
Eifel,11-10-2020,Lewis  Hamilton ,Mercedes,60,35:49.6,HAM,2020,10,1,35,50,,
Portugal,25-10-2020,Lewis  Hamilton ,Mercedes,66,29:56.8,HAM,2020,10,1,29,57,,
Emilia Romagna,01-11-2020,Lewis  Hamilton ,Mercedes,63,28:32.4,HAM,2020,11,1,28,32,,
Turkey,15-11-2020,Lewis  Hamilton ,Mercedes,58,42:19.3,HAM,2020,11,1,42,19,,
Bahrain,29-11-2020,Lewis  Hamilton ,Mercedes,57,59:47.5,HAM,2020,11,2,59,48,,
Sakhir,06-12-2020,Sergio  Perez ,Racing Point BWT Mercedes,87,31:15.1,PER,2020,12,1,31,15,,
Abu Dhabi,13-12-2020,Max  Verstappen ,Red Bull Racing Honda,55,36:28.6,VER,2020,12,1,36,29,,
Bahrain,28-03-2021,Lewis  Hamilton ,Mercedes,56,32:03.9,HAM,2021,3,1,32,4,,
Emilia Romagna,18-04-2021,Max  Verstappen ,Red Bull Racing Honda,63,02:34.6,VER,2021,4,2,2,35,,
Portugal,02-05-2021,Lewis  Hamilton ,Mercedes,66,34:31.4,HAM,2021,5,1,34,31,,
Spain,09-05-2021,Lewis  Hamilton ,Mercedes,66,33:07.7,HAM,2021,5,1,33,8,,
Monaco,23-05-2021,Max  Verstappen ,Red Bull Racing Honda,78,38:56.8,VER,2021,5,1,38,57,,
Azerbaijan,06-06-2021,Sergio  Perez ,Red Bull Racing Honda,51,13:36.4,PER,2021,6,2,13,36,,
France,20-06-2021,Max  Verstappen ,Red Bull Racing Honda,53,27:25.8,VER,2021,6,1,27,26,,
Styria,27-06-2021,Max  Verstappen ,Red Bull Racing Honda,71,22:18.9,VER,2021,6,1,22,19,,
Austria,04-07-2021,Max  Verstappen ,Red Bull Racing Honda,71,23:54.5,VER,2021,7,1,23,55,,
Great Britain,18-07-2021,Lewis  Hamilton ,Mercedes,52,58:23.3,HAM,2021,7,1,58,23,,
Hungary,01-08-2021,Esteban  Ocon ,Alpine Renault,70,04:43.2,OCO,2021,8,2,4,43,,
Belgium,29-08-2021,Max  Verstappen ,Red Bull Racing Honda,1,03:27.1,VER,2021,8,0,3,27,,
Netherlands,05-09-2021,Max  Verstappen ,Red Bull Racing Honda,72,30:05.4,VER,2021,9,1,30,5,,
Italy,12-09-2021,Daniel  Ricciardo ,McLaren Mercedes,53,21:54.4,RIC,2021,9,1,21,54,,
Russia,26-09-2021,Lewis  Hamilton ,Mercedes,53,30:41.0,HAM,2021,9,1,30,41,,
Turkey,10-10-2021,Valtteri  Bottas ,Mercedes,58,31:04.1,BOT,2021,10,1,31,4,,
United States,24-10-2021,Max  Verstappen ,Red Bull Racing Honda,56,34:36.6,VER,2021,10,1,34,37,,
Mexico,07-11-2021,Max  Verstappen ,Red Bull Racing Honda,71,38:39.1,VER,2021,11,1,38,39,,
Brazil,14-11-2021,Lewis  Hamilton ,Mercedes,71,32:22.9,HAM,2021,11,1,32,23,,
Qatar,21-11-2021,Lewis  Hamilton ,Mercedes,57,24:28.5,HAM,2021,11,1,24,28,,
Saudi Arabia,05-12-2021,Lewis  Hamilton ,Mercedes,50,06:15.1,HAM,2021,12,2,6,15,,
Abu Dhabi,12-12-2021,Max  Verstappen ,Red Bull Racing Honda,58,30:17.3,VER,2021,12,1,30,17,,
Bahrain,20-03-2022,Charles  Leclerc ,Ferrari,57,37:33.6,LEC,2022,3,1,37,34,,
Saudi Arabia,27-03-2022,Max  Verstappen ,Red Bull Racing RBPT,50,24:19.3,VER,2022,3,1,24,19,,
Australia,10-04-2022,Charles  Leclerc ,Ferrari,58,27:46.5,LEC,2022,4,1,27,47,,
Emilia Romagna,24-04-2022,Max  Verstappen ,Red Bull Racing RBPT,63,32:08.0,VER,2022,4,1,32,8,,
Miami,08-05-2022,Max  Verstappen ,Red Bull Racing RBPT,57,34:24.3,VER,2022,5,1,34,24,,
Spain,22-05-2022,Max  Verstappen ,Red Bull Racing RBPT,66,37:20.5,VER,2022,5,1,37,20,,
Monaco,29-05-2022,Sergio  Perez ,Red Bull Racing RBPT,64,56:30.3,PER,2022,5,1,56,30,,
Azerbaijan,12-06-2022,Max  Verstappen ,Red Bull Racing RBPT,51,34:05.9,VER,2022,6,1,34,6,,
Canada,19-06-2022,Max  Verstappen ,Red Bull Racing RBPT,70,36:21.8,VER,2022,6,1,36,22,,
Great Britain,03-07-2022,Carlos  Sainz ,Ferrari,52,17:50.3,SAI,2022,7,2,17,50,,
Austria,10-07-2022,Charles  Leclerc ,Ferrari,71,24:24.3,LEC,2022,7,1,24,24,,
France,24-07-2022,Max  Verstappen ,Red Bull Racing RBPT,53,30:02.1,VER,2022,7,1,30,2,,
Hungary,31-07-2022,Max  Verstappen ,Red Bull Racing RBPT,70,39:35.9,VER,2022,7,1,39,36,,
Belgium,28-08-2022,Max  Verstappen ,Red Bull Racing RBPT,44,25:52.9,VER,2022,8,1,25,53,,
Netherlands,04-09-2022,Max  Verstappen ,Red Bull Racing RBPT,72,36:42.8,VER,2022,9,1,36,43,,
Italy,11-09-2022,Max  Verstappen ,Red Bull Racing RBPT,53,20:27.5,VER,2022,9,1,20,28,,
Singapore,02-10-2022,Sergio  Perez ,Red Bull Racing RBPT,59,02:20.2,PER,2022,10,2,2,20,,
Japan,09-10-2022,Max  Verstappen ,Red Bull Racing RBPT,28,01:44.0,VER,2022,10,3,1,44,,
United States,23-10-2022,Max  Verstappen ,Red Bull Racing RBPT,56,42:11.7,VER,2022,10,1,42,12,,
Mexico,30-10-2022,Max  Verstappen ,Red Bull Racing RBPT,71,38:36.7,VER,2022,10,1,38,37,,
Brazil,13-11-2022,George  Russell ,Mercedes,71,38:34.0,RUS,2022,11,1,38,34,,
Abu Dhabi,20-11-2022,Max  Verstappen ,Red Bull Racing RBPT,58,27:45.9,VER,2022,11,1,27,46,,
Bahrain,05-03-2023,Max  Verstappen ,Red Bull Racing Honda RBPT,57,33:56.7,VER,2023,3,1,33,57,,
Saudi Arabia,19-03-2023,Sergio  Perez ,Red Bull Racing Honda RBPT,50,21:14.9,PER,2023,3,1,21,15,,
Australia,02-04-2023,Max  Verstappen ,Red Bull Racing Honda RBPT,58,32:38.4,VER,2023,4,2,32,38,,
Azerbaijan,30-04-2023,Sergio  Perez ,Red Bull Racing Honda RBPT,51,32:42.4,PER,2023,4,1,32,42,,
Miami,07-05-2023,Max  Verstappen ,Red Bull Racing Honda RBPT,57,27:38.2,VER,2023,5,1,27,38,,
Monaco,28-05-2023,Max  Verstappen ,Red Bull Racing Honda RBPT,78,48:52.0,VER,2023,5,1,48,52,,
Spain,04-06-2023,Max  Verstappen ,Red Bull Racing Honda RBPT,66,27:57.9,VER,2023,6,1,27,58,,
Canada,18-06-2023,Max  Verstappen ,Red Bull Racing Honda RBPT,70,33:58.3,VER,2023,6,1,33,58,,
Austria,02-07-2023,Max  Verstappen ,Red Bull Racing Honda RBPT,71,25:33.6,VER,2023,7,1,25,34,,
Great Britain,09-07-2023,Max  Verstappen ,Red Bull Racing Honda RBPT,52,25:16.9,VER,2023,7,1,25,17,,
Hungary,23-07-2023,Max  Verstappen ,Red Bull Racing Honda RBPT,70,38:08.6,VER,2023,7,1,38,9,,
Belgium,30-07-2023,Max  Verstappen ,Red Bull Racing Honda RBPT,44,22:30.4,VER,2023,7,1,22,30,,
Netherlands,27-08-2023,Max  Verstappen ,Red Bull Racing Honda RBPT,72,24:04.4,VER,2023,8,2,24,4,,
Italy,03-09-2023,Max  Verstappen ,Red Bull Racing Honda RBPT,51,13:41.1,VER,2023,9,1,13,41,,
Singapore,17-09-2023,Carlos  Sainz ,Ferrari,62,46:37.4,SAI,2023,9,1,46,37,,
Japan,24-09-2023,Max  Verstappen ,Red Bull Racing Honda RBPT,53,30:58.4,VER,2023,9,1,30,58,,
Qatar,08-10-2023,Max  Verstappen ,Red Bull Racing Honda RBPT,57,27:39.2,VER,2023,10,1,27,39,,
United States,22-10-2023,Max  Verstappen ,Red Bull Racing Honda RBPT,56,35:21.4,VER,2023,10,1,35,21,,
Mexico,29-10-2023,Max  Verstappen ,Red Bull Racing Honda RBPT,71,02:30.8,VER,2023,10,2,2,31,,
Brazil,05-11-2023,Max  Verstappen ,Red Bull Racing Honda RBPT,71,56:48.9,VER,2023,11,1,56,49,,
Las Vegas,18-11-2023,Max  Verstappen ,Red Bull Racing Honda RBPT,50,29:08.3,VER,2023,11,1,29,8,,
Abu Dhabi,26-11-2023,Max  Verstappen ,Red Bull Racing Honda RBPT,58,27:02.6,VER,2023,11,1,27,3,,
Bahrain,02-03-2024,Max  Verstappen ,Red Bull Racing Honda RBPT,57,31:44.7,VER,2024,3,1,31,45,,
Saudi Arabia,09-03-2024,Max  Verstappen ,Red Bull Racing Honda RBPT,50,20:43.3,VER,2024,3,1,20,43,,
Australia,24-03-2024,Carlos  Sainz ,Ferrari,58,20:26.8,SAI,2024,3,1,20,27,,
Japan,07-04-2024,Max  Verstappen ,Red Bull Racing Honda RBPT,53,54:23.6,VER,2024,4,1,54,24,,
China,21-04-2024,Max  Verstappen ,Red Bull Racing Honda RBPT,56,40:52.6,VER,2024,4,1,40,53,,
Miami,05-05-2024,Lando  Norris ,McLaren Mercedes,57,30:49.9,NOR,2024,5,1,30,50,,
